as_of_utc,player_id,field,old,new
2026-08-18T13:50:51.362279+00:00,1,now_cost,,60
2026-08-18T13:50:51.362279+00:00,1,status,,a
2026-08-18T13:50:51.362279+00:00,1,news,,
2026-08-18T13:50:51.362279+00:00,1,ep_next,,4.0
2026-08-18T13:50:51.362279+00:00,2,now_cost,,50
2026-08-18T13:50:51.362279+00:00,2,status,,a
2026-08-18T13:50:51.362279+00:00,2,news,,
2026-08-18T13:50:51.362279+00:00,2,ep_next,,2.6
2026-08-18T13:50:51.362279+00:00,3,now_cost,,50
2026-08-18T13:50:51.362279+00:00,3,status,,a
2026-08-18T13:50:51.362279+00:00,3,news,,
2026-08-18T13:50:51.362279+00:00,3,ep_next,,2.6
2026-08-18T13:50:51.362279+00:00,4,now_cost,,80
2026-08-18T13:50:51.362279+00:00,4,status,,a
2026-08-18T13:50:51.362279+00:00,4,news,,
2026-08-18T13:50:51.362279+00:00,4,ep_next,,4.0
2026-08-18T13:50:51.362279+00:00,5,now_cost,,65
2026-08-18T13:50:51.362279+00:00,5,status,,i
2026-08-18T13:50:51.362279+00:00,5,news,,Groin injury - Unknown return date
2026-08-18T13:50:51.362279+00:00,5,news_added,,2026-07-23T12:01:23.272929Z
2026-08-18T13:50:51.362279+00:00,5,chance_of_playing_next_round,,0
2026-08-18T13:50:51.362279+00:00,5,ep_next,,0.0
2026-08-18T13:50:51.362279+00:00,6,now_cost,,60
2026-08-18T13:50:51.362279+00:00,6,status,,i
2026-08-18T13:50:51.362279+00:00,6,news,,Back injury - Unknown return date
2026-08-18T13:50:51.362279+00:00,6,news_added,,2026-07-23T12:01:23.289376Z
2026-08-18T13:50:51.362279+00:00,6,chance_of_playing_next_round,,0
2026-08-18T13:50:51.362279+00:00,6,ep_next,,0.0
2026-08-18T13:50:51.362279+00:00,7,now_cost,,55
2026-08-18T13:50:51.362279+00:00,7,status,,a
2026-08-18T13:50:51.362279+00:00,7,news,,
2026-08-18T13:50:51.362279+00:00,7,ep_next,,2.0
2026-08-18T13:50:51.362279+00:00,8,now_cost,,55
2026-08-18T13:50:51.362279+00:00,8,status,,a
2026-08-18T13:50:51.362279+00:00,8,news,,
2026-08-18T13:50:51.362279+00:00,8,ep_next,,2.5
2026-08-18T13:50:51.362279+00:00,9,now_cost,,55
2026-08-18T13:50:51.362279+00:00,9,status,,a
2026-08-18T13:50:51.362279+00:00,9,news,,
2026-08-18T13:50:51.362279+00:00,9,ep_next,,2.5
2026-08-18T13:50:51.362279+00:00,10,now_cost,,55
2026-08-18T13:50:51.362279+00:00,10,status,,a
2026-08-18T13:50:51.362279+00:00,10,news,,
2026-08-18T13:50:51.362279+00:00,10,news_added,,2026-07-23T12:01:23.305229Z
2026-08-18T13:50:51.362279+00:00,10,chance_of_playing_next_round,,100
2026-08-18T13:50:51.362279+00:00,10,ep_next,,2.5
2026-08-18T13:50:51.362279+00:00,11,now_cost,,55
2026-08-18T13:50:51.362279+00:00,11,status,,a
2026-08-18T13:50:51.362279+00:00,11,news,,
2026-08-18T13:50:51.362279+00:00,11,ep_next,,2.5
2026-08-18T13:50:51.362279+00:00,12,now_cost,,95
2026-08-18T13:50:51.362279+00:00,12,status,,a
2026-08-18T13:50:51.362279+00:00,12,news,,
2026-08-18T13:50:51.362279+00:00,12,ep_next,,3.2
2026-08-18T13:50:51.362279+00:00,13,now_cost,,75
2026-08-18T13:50:51.362279+00:00,13,status,,a
2026-08-18T13:50:51.362279+00:00,13,news,,
2026-08-18T13:50:51.362279+00:00,13,ep_next,,2.6
2026-08-18T13:50:51.362279+00:00,14,now_cost,,65
2026-08-18T13:50:51.362279+00:00,14,status,,a
2026-08-18T13:50:51.362279+00:00,14,news,,
2026-08-18T13:50:51.362279+00:00,14,ep_next,,2.3
2026-08-18T13:50:51.362279+00:00,15,now_cost,,65
2026-08-18T13:50:51.362279+00:00,15,status,,a
2026-08-18T13:50:51.362279+00:00,15,news,,
2026-08-18T13:50:51.362279+00:00,15,ep_next,,2.3
2026-08-18T13:50:51.362279+00:00,16,now_cost,,65
2026-08-18T13:50:51.362279+00:00,16,status,,a
2026-08-18T13:50:51.362279+00:00,16,news,,
2026-08-18T13:50:51.362279+00:00,16,ep_next,,2.3
2026-08-18T13:50:51.362279+00:00,17,now_cost,,60
2026-08-18T13:50:51.362279+00:00,17,status,,a
2026-08-18T13:50:51.362279+00:00,17,news,,
2026-08-18T13:50:51.362279+00:00,17,ep_next,,2.1
2026-08-18T13:50:51.362279+00:00,18,now_cost,,65
2026-08-18T13:50:51.362279+00:00,18,status,,a
2026-08-18T13:50:51.362279+00:00,18,news,,
2026-08-18T13:50:51.362279+00:00,18,ep_next,,2.3
2026-08-18T13:50:51.362279+00:00,19,now_cost,,55
2026-08-18T13:50:51.362279+00:00,19,status,,a
2026-08-18T13:50:51.362279+00:00,19,news,,
2026-08-18T13:50:51.362279+00:00,19,ep_next,,2.0
2026-08-18T13:50:51.362279+00:00,20,now_cost,,55
2026-08-18T13:50:51.362279+00:00,20,status,,a
2026-08-18T13:50:51.362279+00:00,20,news,,
2026-08-18T13:50:51.362279+00:00,20,ep_next,,2.0
2026-08-18T13:50:51.362279+00:00,22,now_cost,,55
2026-08-18T13:50:51.362279+00:00,22,status,,a
2026-08-18T13:50:51.362279+00:00,22,news,,
2026-08-18T13:50:51.362279+00:00,22,ep_next,,2.0
2026-08-18T13:50:51.362279+00:00,23,now_cost,,55
2026-08-18T13:50:51.362279+00:00,23,status,,a
2026-08-18T13:50:51.362279+00:00,23,news,,
2026-08-18T13:50:51.362279+00:00,23,ep_next,,2.0
2026-08-18T13:50:51.362279+00:00,24,now_cost,,55
2026-08-18T13:50:51.362279+00:00,24,status,,a
2026-08-18T13:50:51.362279+00:00,24,news,,
2026-08-18T13:50:51.362279+00:00,24,ep_next,,2.0
2026-08-18T13:50:51.362279+00:00,25,now_cost,,75
2026-08-18T13:50:51.362279+00:00,25,status,,a
2026-08-18T13:50:51.362279+00:00,25,news,,
2026-08-18T13:50:51.362279+00:00,25,ep_next,,2.3
2026-08-18T13:50:51.362279+00:00,26,now_cost,,75
2026-08-18T13:50:51.362279+00:00,26,status,,a
2026-08-18T13:50:51.362279+00:00,26,news,,
2026-08-18T13:50:51.362279+00:00,26,ep_next,,2.3
2026-08-18T13:50:51.362279+00:00,27,now_cost,,60
2026-08-18T13:50:51.362279+00:00,27,status,,a
2026-08-18T13:50:51.362279+00:00,27,news,,
2026-08-18T13:50:51.362279+00:00,27,ep_next,,2.0
2026-08-18T13:50:51.362279+00:00,452,now_cost,,70
2026-08-18T13:50:51.362279+00:00,452,status,,a
2026-08-18T13:50:51.362279+00:00,452,news,,
2026-08-18T13:50:51.362279+00:00,452,ep_next,,2.5
2026-08-18T13:50:51.362279+00:00,557,now_cost,,65
2026-08-18T13:50:51.362279+00:00,557,status,,a
2026-08-18T13:50:51.362279+00:00,557,news,,
2026-08-18T13:50:51.362279+00:00,557,ep_next,,2.3
2026-08-18T13:50:51.362279+00:00,28,now_cost,,50
2026-08-18T13:50:51.362279+00:00,28,status,,a
2026-08-18T13:50:51.362279+00:00,28,news,,
2026-08-18T13:50:51.362279+00:00,28,ep_next,,2.6
2026-08-18T13:50:51.362279+00:00,29,now_cost,,45
2026-08-18T13:50:51.362279+00:00,29,status,,a
2026-08-18T13:50:51.362279+00:00,29,news,,
2026-08-18T13:50:51.362279+00:00,29,ep_next,,1.9
2026-08-18T13:50:51.362279+00:00,30,now_cost,,45
2026-08-18T13:50:51.362279+00:00,30,status,,u
2026-08-18T13:50:51.362279+00:00,30,news,,Has joined Paris Saint-Germain permanently
2026-08-18T13:50:51.362279+00:00,30,news_added,,2026-08-10T14:03:30.089007Z
2026-08-18T13:50:51.362279+00:00,30,chance_of_playing_next_round,,0
2026-08-18T13:50:51.362279+00:00,30,ep_next,,0.0
2026-08-18T13:50:51.362279+00:00,31,now_cost,,45
2026-08-18T13:50:51.362279+00:00,31,status,,a
2026-08-18T13:50:51.362279+00:00,31,news,,
2026-08-18T13:50:51.362279+00:00,31,ep_next,,1.7
2026-08-18T13:50:51.362279+00:00,32,now_cost,,45
2026-08-18T13:50:51.362279+00:00,32,status,,a
2026-08-18T13:50:51.362279+00:00,32,news,,
2026-08-18T13:50:51.362279+00:00,32,ep_next,,1.7
2026-08-18T13:50:51.362279+00:00,33,now_cost,,45
2026-08-18T13:50:51.362279+00:00,33,status,,a
2026-08-18T13:50:51.362279+00:00,33,news,,
2026-08-18T13:50:51.362279+00:00,33,ep_next,,1.7
2026-08-18T13:50:51.362279+00:00,34,now_cost,,45
2026-08-18T13:50:51.362279+00:00,34,status,,a
2026-08-18T13:50:51.362279+00:00,34,news,,
2026-08-18T13:50:51.362279+00:00,34,ep_next,,1.7
2026-08-18T13:50:51.362279+00:00,35,now_cost,,50
2026-08-18T13:50:51.362279+00:00,35,status,,a
2026-08-18T13:50:51.362279+00:00,35,news,,
2026-08-18T13:50:51.362279+00:00,35,ep_next,,1.5
2026-08-18T13:50:51.362279+00:00,36,now_cost,,45
2026-08-18T13:50:51.362279+00:00,36,status,,a
2026-08-18T13:50:51.362279+00:00,36,news,,
2026-08-18T13:50:51.362279+00:00,36,ep_next,,1.7
2026-08-18T13:50:51.362279+00:00,37,now_cost,,45
2026-08-18T13:50:51.362279+00:00,37,status,,a
2026-08-18T13:50:51.362279+00:00,37,news,,
2026-08-18T13:50:51.362279+00:00,37,ep_next,,1.7
2026-08-18T13:50:51.362279+00:00,38,now_cost,,40
2026-08-18T13:50:51.362279+00:00,38,status,,a
2026-08-18T13:50:51.362279+00:00,38,news,,
2026-08-18T13:50:51.362279+00:00,38,ep_next,,1.0
2026-08-18T13:50:51.362279+00:00,39,now_cost,,40
2026-08-18T13:50:51.362279+00:00,39,status,,a
2026-08-18T13:50:51.362279+00:00,39,news,,
2026-08-18T13:50:51.362279+00:00,39,ep_next,,1.0
2026-08-18T13:50:51.362279+00:00,41,now_cost,,60
2026-08-18T13:50:51.362279+00:00,41,status,,a
2026-08-18T13:50:51.362279+00:00,41,news,,
2026-08-18T13:50:51.362279+00:00,41,ep_next,,2.1
2026-08-18T13:50:51.362279+00:00,44,now_cost,,55
2026-08-18T13:50:51.362279+00:00,44,status,,a
2026-08-18T13:50:51.362279+00:00,44,news,,
2026-08-18T13:50:51.362279+00:00,44,ep_next,,2.0
2026-08-18T13:50:51.362279+00:00,45,now_cost,,55
2026-08-18T13:50:51.362279+00:00,45,status,,a
2026-08-18T13:50:51.362279+00:00,45,news,,
2026-08-18T13:50:51.362279+00:00,45,ep_next,,2.0
2026-08-18T13:50:51.362279+00:00,46,now_cost,,50
2026-08-18T13:50:51.362279+00:00,46,status,,a
2026-08-18T13:50:51.362279+00:00,46,news,,
2026-08-18T13:50:51.362279+00:00,46,ep_next,,1.5
2026-08-18T13:50:51.362279+00:00,47,now_cost,,50
2026-08-18T13:50:51.362279+00:00,47,status,,a
2026-08-18T13:50:51.362279+00:00,47,news,,
2026-08-18T13:50:51.362279+00:00,47,news_added,,2026-07-23T12:01:23.337269Z
2026-08-18T13:50:51.362279+00:00,47,chance_of_playing_next_round,,100
2026-08-18T13:50:51.362279+00:00,47,ep_next,,1.5
2026-08-18T13:50:51.362279+00:00,48,now_cost,,50
2026-08-18T13:50:51.362279+00:00,48,status,,i
2026-08-18T13:50:51.362279+00:00,48,news,,Knee injury - Unknown return date
2026-08-18T13:50:51.362279+00:00,48,news_added,,2026-07-23T12:01:23.352497Z
2026-08-18T13:50:51.362279+00:00,48,chance_of_playing_next_round,,0
2026-08-18T13:50:51.362279+00:00,48,ep_next,,0.0
2026-08-18T13:50:51.362279+00:00,49,now_cost,,50
2026-08-18T13:50:51.362279+00:00,49,status,,u
2026-08-18T13:50:51.362279+00:00,49,news,,Has joined Bolton Wanderers on loan for the rest of the season
2026-08-18T13:50:51.362279+00:00,49,news_added,,2026-08-17T13:52:28.532616Z
2026-08-18T13:50:51.362279+00:00,49,chance_of_playing_next_round,,0
2026-08-18T13:50:51.362279+00:00,49,ep_next,,0.0
2026-08-18T13:50:51.362279+00:00,50,now_cost,,45
2026-08-18T13:50:51.362279+00:00,50,status,,a
2026-08-18T13:50:51.362279+00:00,50,news,,
2026-08-18T13:50:51.362279+00:00,50,ep_next,,1.0
2026-08-18T13:50:51.362279+00:00,51,now_cost,,45
2026-08-18T13:50:51.362279+00:00,51,status,,a
2026-08-18T13:50:51.362279+00:00,51,news,,
2026-08-18T13:50:51.362279+00:00,51,ep_next,,1.0
2026-08-18T13:50:51.362279+00:00,52,now_cost,,50
2026-08-18T13:50:51.362279+00:00,52,status,,a
2026-08-18T13:50:51.362279+00:00,52,news,,
2026-08-18T13:50:51.362279+00:00,52,ep_next,,1.5
2026-08-18T13:50:51.362279+00:00,53,now_cost,,60
2026-08-18T13:50:51.362279+00:00,53,status,,i
2026-08-18T13:50:51.362279+00:00,53,news,,Knee injury - Unknown return date
2026-08-18T13:50:51.362279+00:00,53,news_added,,2026-08-15T15:30:06.388335Z
2026-08-18T13:50:51.362279+00:00,53,chance_of_playing_next_round,,0
2026-08-18T13:50:51.362279+00:00,53,ep_next,,0.0
2026-08-18T13:50:51.362279+00:00,54,now_cost,,55
2026-08-18T13:50:51.362279+00:00,54,status,,i
2026-08-18T13:50:51.362279+00:00,54,news,,Calf injury - Unknown return date
2026-08-18T13:50:51.362279+00:00,54,news_added,,2026-08-15T16:00:07.546807Z
2026-08-18T13:50:51.362279+00:00,54,chance_of_playing_next_round,,0
2026-08-18T13:50:51.362279+00:00,54,ep_next,,0.0
2026-08-18T13:50:51.362279+00:00,55,now_cost,,80
2026-08-18T13:50:51.362279+00:00,55,status,,a
2026-08-18T13:50:51.362279+00:00,55,news,,
2026-08-18T13:50:51.362279+00:00,55,ep_next,,2.5
2026-08-18T13:50:51.362279+00:00,56,now_cost,,55
2026-08-18T13:50:51.362279+00:00,56,status,,d
2026-08-18T13:50:51.362279+00:00,56,news,,Knock - 75% chance of playing
2026-08-18T13:50:51.362279+00:00,56,news_added,,2026-08-15T16:00:07.558543Z
2026-08-18T13:50:51.362279+00:00,56,chance_of_playing_next_round,,75
2026-08-18T13:50:51.362279+00:00,56,ep_next,,1.3
2026-08-18T13:50:51.362279+00:00,160,now_cost,,60
2026-08-18T13:50:51.362279+00:00,160,status,,a
2026-08-18T13:50:51.362279+00:00,160,news,,
2026-08-18T13:50:51.362279+00:00,160,ep_next,,2.1
2026-08-18T13:50:51.362279+00:00,582,now_cost,,55
2026-08-18T13:50:51.362279+00:00,582,status,,i
2026-08-18T13:50:51.362279+00:00,582,news,,Unspecified injury - Unknown return date
2026-08-18T13:50:51.362279+00:00,582,news_added,,2026-08-15T16:00:07.974271Z
2026-08-18T13:50:51.362279+00:00,582,chance_of_playing_next_round,,0
2026-08-18T13:50:51.362279+00:00,582,ep_next,,0.0
2026-08-18T13:50:51.362279+00:00,57,now_cost,,45
2026-08-18T13:50:51.362279+00:00,57,status,,a
2026-08-18T13:50:51.362279+00:00,57,news,,
2026-08-18T13:50:51.362279+00:00,57,ep_next,,1.9
2026-08-18T13:50:51.362279+00:00,58,now_cost,,40
2026-08-18T13:50:51.362279+00:00,58,status,,a
2026-08-18T13:50:51.362279+00:00,58,news,,
2026-08-18T13:50:51.362279+00:00,58,ep_next,,1.0
2026-08-18T13:50:51.362279+00:00,59,now_cost,,40
2026-08-18T13:50:51.362279+00:00,59,status,,a
2026-08-18T13:50:51.362279+00:00,59,news,,
2026-08-18T13:50:51.362279+00:00,59,ep_next,,1.0
2026-08-18T13:50:51.362279+00:00,60,now_cost,,55
2026-08-18T13:50:51.362279+00:00,60,status,,a
2026-08-18T13:50:51.362279+00:00,60,news,,
2026-08-18T13:50:51.362279+00:00,60,ep_next,,2.5
2026-08-18T13:50:51.362279+00:00,61,now_cost,,55
2026-08-18T13:50:51.362279+00:00,61,status,,a
2026-08-18T13:50:51.362279+00:00,61,news,,
2026-08-18T13:50:51.362279+00:00,61,ep_next,,2.5
2026-08-18T13:50:51.362279+00:00,62,now_cost,,50
2026-08-18T13:50:51.362279+00:00,62,status,,a
2026-08-18T13:50:51.362279+00:00,62,news,,
2026-08-18T13:50:51.362279+00:00,62,ep_next,,2.2
2026-08-18T13:50:51.362279+00:00,63,now_cost,,50
2026-08-18T13:50:51.362279+00:00,63,status,,i
2026-08-18T13:50:51.362279+00:00,63,news,,Unspecified injury - Unknown return date
2026-08-18T13:50:51.362279+00:00,63,news_added,,2026-08-06T10:00:10.456051Z
2026-08-18T13:50:51.362279+00:00,63,chance_of_playing_next_round,,0
2026-08-18T13:50:51.362279+00:00,63,ep_next,,0.0
2026-08-18T13:50:51.362279+00:00,64,now_cost,,45
2026-08-18T13:50:51.362279+00:00,64,status,,a
2026-08-18T13:50:51.362279+00:00,64,news,,
2026-08-18T13:50:51.362279+00:00,64,ep_next,,1.7
2026-08-18T13:50:51.362279+00:00,65,now_cost,,45
2026-08-18T13:50:51.362279+00:00,65,status,,i
2026-08-18T13:50:51.362279+00:00,65,news,,Thigh injury - Unknown return date
2026-08-18T13:50:51.362279+00:00,65,news_added,,2026-08-09T08:00:05.645826Z
2026-08-18T13:50:51.362279+00:00,65,chance_of_playing_next_round,,0
2026-08-18T13:50:51.362279+00:00,65,ep_next,,0.0
2026-08-18T13:50:51.362279+00:00,66,now_cost,,40
2026-08-18T13:50:51.362279+00:00,66,status,,d
2026-08-18T13:50:51.362279+00:00,66,news,,Hamstring injury - 75% chance of playing
2026-08-18T13:50:51.362279+00:00,66,news_added,,2026-08-15T16:30:07.021055Z
2026-08-18T13:50:51.362279+00:00,66,chance_of_playing_next_round,,75
2026-08-18T13:50:51.362279+00:00,66,ep_next,,0.8
2026-08-18T13:50:51.362279+00:00,67,now_cost,,65
2026-08-18T13:50:51.362279+00:00,67,status,,a
2026-08-18T13:50:51.362279+00:00,67,news,,
2026-08-18T13:50:51.362279+00:00,67,ep_next,,2.3
2026-08-18T13:50:51.362279+00:00,68,now_cost,,60
2026-08-18T13:50:51.362279+00:00,68,status,,a
2026-08-18T13:50:51.362279+00:00,68,news,,
2026-08-18T13:50:51.362279+00:00,68,ep_next,,2.1
2026-08-18T13:50:51.362279+00:00,69,now_cost,,60
2026-08-18T13:50:51.362279+00:00,69,status,,a
2026-08-18T13:50:51.362279+00:00,69,news,,
2026-08-18T13:50:51.362279+00:00,69,ep_next,,2.1
2026-08-18T13:50:51.362279+00:00,70,now_cost,,60
2026-08-18T13:50:51.362279+00:00,70,status,,a
2026-08-18T13:50:51.362279+00:00,70,news,,
2026-08-18T13:50:51.362279+00:00,70,ep_next,,2.1
2026-08-18T13:50:51.362279+00:00,71,now_cost,,50
2026-08-18T13:50:51.362279+00:00,71,status,,a
2026-08-18T13:50:51.362279+00:00,71,news,,
2026-08-18T13:50:51.362279+00:00,71,ep_next,,1.5
2026-08-18T13:50:51.362279+00:00,72,now_cost,,50
2026-08-18T13:50:51.362279+00:00,72,status,,a
2026-08-18T13:50:51.362279+00:00,72,news,,
2026-08-18T13:50:51.362279+00:00,72,ep_next,,1.5
2026-08-18T13:50:51.362279+00:00,73,now_cost,,50
2026-08-18T13:50:51.362279+00:00,73,status,,d
2026-08-18T13:50:51.362279+00:00,73,news,,Unspecified injury - 75% chance of playing
2026-08-18T13:50:51.362279+00:00,73,news_added,,2026-08-15T16:30:07.029928Z
2026-08-18T13:50:51.362279+00:00,73,chance_of_playing_next_round,,75
2026-08-18T13:50:51.362279+00:00,73,ep_next,,1.1
2026-08-18T13:50:51.362279+00:00,74,now_cost,,50
2026-08-18T13:50:51.362279+00:00,74,status,,d
2026-08-18T13:50:51.362279+00:00,74,news,,Unspecified injury - 75% chance of playing
2026-08-18T13:50:51.362279+00:00,74,news_added,,2026-08-15T16:30:07.037929Z
2026-08-18T13:50:51.362279+00:00,74,chance_of_playing_next_round,,75
2026-08-18T13:50:51.362279+00:00,74,ep_next,,1.1
2026-08-18T13:50:51.362279+00:00,75,now_cost,,50
2026-08-18T13:50:51.362279+00:00,75,status,,s
2026-08-18T13:50:51.362279+00:00,75,news,,Suspended until 29 Aug
2026-08-18T13:50:51.362279+00:00,75,news_added,,2026-07-24T17:30:10.035483Z
2026-08-18T13:50:51.362279+00:00,75,chance_of_playing_next_round,,0
2026-08-18T13:50:51.362279+00:00,75,ep_next,,0.0
2026-08-18T13:50:51.362279+00:00,76,now_cost,,50
2026-08-18T13:50:51.362279+00:00,76,status,,a
2026-08-18T13:50:51.362279+00:00,76,news,,
2026-08-18T13:50:51.362279+00:00,76,ep_next,,1.5
2026-08-18T13:50:51.362279+00:00,77,now_cost,,50
2026-08-18T13:50:51.362279+00:00,77,status,,i
2026-08-18T13:50:51.362279+00:00,77,news,,Unspecified injury - Unknown return date
2026-08-18T13:50:51.362279+00:00,77,news_added,,2026-08-15T16:00:07.590566Z
2026-08-18T13:50:51.362279+00:00,77,chance_of_playing_next_round,,0
2026-08-18T13:50:51.362279+00:00,77,ep_next,,0.0
2026-08-18T13:50:51.362279+00:00,78,now_cost,,75
2026-08-18T13:50:51.362279+00:00,78,status,,i
2026-08-18T13:50:51.362279+00:00,78,news,,Foot injury - Unknown return date
2026-08-18T13:50:51.362279+00:00,78,news_added,,2026-07-29T17:30:09.796802Z
2026-08-18T13:50:51.362279+00:00,78,chance_of_playing_next_round,,0
2026-08-18T13:50:51.362279+00:00,78,ep_next,,0.0
2026-08-18T13:50:51.362279+00:00,79,now_cost,,60
2026-08-18T13:50:51.362279+00:00,79,status,,a
2026-08-18T13:50:51.362279+00:00,79,news,,
2026-08-18T13:50:51.362279+00:00,79,ep_next,,2.0
2026-08-18T13:50:51.362279+00:00,80,now_cost,,55
2026-08-18T13:50:51.362279+00:00,80,status,,u
2026-08-18T13:50:51.362279+00:00,80,news,,Has joined Getafe permanently
2026-08-18T13:50:51.362279+00:00,80,news_added,,2026-08-14T14:14:21.881112Z
2026-08-18T13:50:51.362279+00:00,80,chance_of_playing_next_round,,0
2026-08-18T13:50:51.362279+00:00,80,ep_next,,0.0
2026-08-18T13:50:51.362279+00:00,81,now_cost,,60
2026-08-18T13:50:51.362279+00:00,81,status,,d
2026-08-18T13:50:51.362279+00:00,81,news,,Unspecified injury - 75% chance of playing
2026-08-18T13:50:51.362279+00:00,81,news_added,,2026-08-15T16:30:07.054142Z
2026-08-18T13:50:51.362279+00:00,81,chance_of_playing_next_round,,75
2026-08-18T13:50:51.362279+00:00,81,ep_next,,1.5
2026-08-18T13:50:51.362279+00:00,566,now_cost,,50
2026-08-18T13:50:51.362279+00:00,566,status,,a
2026-08-18T13:50:51.362279+00:00,566,news,,
2026-08-18T13:50:51.362279+00:00,566,ep_next,,2.2
2026-08-18T13:50:51.362279+00:00,573,now_cost,,45
2026-08-18T13:50:51.362279+00:00,573,status,,a
2026-08-18T13:50:51.362279+00:00,573,news,,
2026-08-18T13:50:51.362279+00:00,573,ep_next,,1.7
2026-08-18T13:50:51.362279+00:00,82,now_cost,,50
2026-08-18T13:50:51.362279+00:00,82,status,,a
2026-08-18T13:50:51.362279+00:00,82,news,,
2026-08-18T13:50:51.362279+00:00,82,ep_next,,2.6
2026-08-18T13:50:51.362279+00:00,83,now_cost,,45
2026-08-18T13:50:51.362279+00:00,83,status,,a
2026-08-18T13:50:51.362279+00:00,83,news,,
2026-08-18T13:50:51.362279+00:00,83,ep_next,,1.9
2026-08-18T13:50:51.362279+00:00,84,now_cost,,55
2026-08-18T13:50:51.362279+00:00,84,status,,a
2026-08-18T13:50:51.362279+00:00,84,news,,
2026-08-18T13:50:51.362279+00:00,84,ep_next,,2.5
2026-08-18T13:50:51.362279+00:00,85,now_cost,,50
2026-08-18T13:50:51.362279+00:00,85,status,,i
2026-08-18T13:50:51.362279+00:00,85,news,,Unspecified injury - Unknown return date
2026-08-18T13:50:51.362279+00:00,85,news_added,,2026-08-15T15:30:06.416627Z
2026-08-18T13:50:51.362279+00:00,85,chance_of_playing_next_round,,0
2026-08-18T13:50:51.362279+00:00,85,ep_next,,0.0
2026-08-18T13:50:51.362279+00:00,86,now_cost,,55
2026-08-18T13:50:51.362279+00:00,86,status,,a
2026-08-18T13:50:51.362279+00:00,86,news,,
2026-08-18T13:50:51.362279+00:00,86,ep_next,,2.0
2026-08-18T13:50:51.362279+00:00,87,now_cost,,45
2026-08-18T13:50:51.362279+00:00,87,status,,a
2026-08-18T13:50:51.362279+00:00,87,news,,
2026-08-18T13:50:51.362279+00:00,87,ep_next,,1.7
2026-08-18T13:50:51.362279+00:00,88,now_cost,,45
2026-08-18T13:50:51.362279+00:00,88,status,,a
2026-08-18T13:50:51.362279+00:00,88,news,,
2026-08-18T13:50:51.362279+00:00,88,ep_next,,1.7
2026-08-18T13:50:51.362279+00:00,89,now_cost,,45
2026-08-18T13:50:51.362279+00:00,89,status,,a
2026-08-18T13:50:51.362279+00:00,89,news,,
2026-08-18T13:50:51.362279+00:00,89,ep_next,,1.7
2026-08-18T13:50:51.362279+00:00,90,now_cost,,45
2026-08-18T13:50:51.362279+00:00,90,status,,a
2026-08-18T13:50:51.362279+00:00,90,news,,
2026-08-18T13:50:51.362279+00:00,90,ep_next,,1.7
2026-08-18T13:50:51.362279+00:00,91,now_cost,,45
2026-08-18T13:50:51.362279+00:00,91,status,,a
2026-08-18T13:50:51.362279+00:00,91,news,,
2026-08-18T13:50:51.362279+00:00,91,ep_next,,1.7
2026-08-18T13:50:51.362279+00:00,92,now_cost,,45
2026-08-18T13:50:51.362279+00:00,92,status,,a
2026-08-18T13:50:51.362279+00:00,92,news,,
2026-08-18T13:50:51.362279+00:00,92,ep_next,,1.7
2026-08-18T13:50:51.362279+00:00,93,now_cost,,45
2026-08-18T13:50:51.362279+00:00,93,status,,a
2026-08-18T13:50:51.362279+00:00,93,news,,
2026-08-18T13:50:51.362279+00:00,93,ep_next,,1.7
2026-08-18T13:50:51.362279+00:00,94,now_cost,,60
2026-08-18T13:50:51.362279+00:00,94,status,,a
2026-08-18T13:50:51.362279+00:00,94,news,,
2026-08-18T13:50:51.362279+00:00,94,ep_next,,2.1
2026-08-18T13:50:51.362279+00:00,95,now_cost,,65
2026-08-18T13:50:51.362279+00:00,95,status,,a
2026-08-18T13:50:51.362279+00:00,95,news,,
2026-08-18T13:50:51.362279+00:00,95,ep_next,,2.3
2026-08-18T13:50:51.362279+00:00,96,now_cost,,55
2026-08-18T13:50:51.362279+00:00,96,status,,a
2026-08-18T13:50:51.362279+00:00,96,news,,
2026-08-18T13:50:51.362279+00:00,96,ep_next,,2.0
2026-08-18T13:50:51.362279+00:00,97,now_cost,,55
2026-08-18T13:50:51.362279+00:00,97,status,,a
2026-08-18T13:50:51.362279+00:00,97,news,,
2026-08-18T13:50:51.362279+00:00,97,ep_next,,2.0
2026-08-18T13:50:51.362279+00:00,98,now_cost,,50
2026-08-18T13:50:51.362279+00:00,98,status,,a
2026-08-18T13:50:51.362279+00:00,98,news,,
2026-08-18T13:50:51.362279+00:00,98,ep_next,,1.5
2026-08-18T13:50:51.362279+00:00,99,now_cost,,50
2026-08-18T13:50:51.362279+00:00,99,status,,d
2026-08-18T13:50:51.362279+00:00,99,news,,Knee injury - 75% chance of playing
2026-08-18T13:50:51.362279+00:00,99,news_added,,2026-07-23T12:01:23.384798Z
2026-08-18T13:50:51.362279+00:00,99,chance_of_playing_next_round,,75
2026-08-18T13:50:51.362279+00:00,99,ep_next,,1.1
2026-08-18T13:50:51.362279+00:00,100,now_cost,,50
2026-08-18T13:50:51.362279+00:00,100,status,,a
2026-08-18T13:50:51.362279+00:00,100,news,,
2026-08-18T13:50:51.362279+00:00,100,news_added,,2026-07-23T12:01:23.400917Z
2026-08-18T13:50:51.362279+00:00,100,chance_of_playing_next_round,,100
2026-08-18T13:50:51.362279+00:00,100,ep_next,,1.5
2026-08-18T13:50:51.362279+00:00,102,now_cost,,50
2026-08-18T13:50:51.362279+00:00,102,status,,a
2026-08-18T13:50:51.362279+00:00,102,news,,
2026-08-18T13:50:51.362279+00:00,102,ep_next,,1.5
2026-08-18T13:50:51.362279+00:00,103,now_cost,,50
2026-08-18T13:50:51.362279+00:00,103,status,,a
2026-08-18T13:50:51.362279+00:00,103,news,,
2026-08-18T13:50:51.362279+00:00,103,ep_next,,1.5
2026-08-18T13:50:51.362279+00:00,105,now_cost,,60
2026-08-18T13:50:51.362279+00:00,105,status,,a
2026-08-18T13:50:51.362279+00:00,105,news,,
2026-08-18T13:50:51.362279+00:00,105,ep_next,,2.1
2026-08-18T13:50:51.362279+00:00,106,now_cost,,80
2026-08-18T13:50:51.362279+00:00,106,status,,a
2026-08-18T13:50:51.362279+00:00,106,news,,
2026-08-18T13:50:51.362279+00:00,106,ep_next,,2.5
2026-08-18T13:50:51.362279+00:00,107,now_cost,,45
2026-08-18T13:50:51.362279+00:00,107,status,,a
2026-08-18T13:50:51.362279+00:00,107,news,,
2026-08-18T13:50:51.362279+00:00,107,ep_next,,1.0
2026-08-18T13:50:51.362279+00:00,108,now_cost,,55
2026-08-18T13:50:51.362279+00:00,108,status,,a
2026-08-18T13:50:51.362279+00:00,108,news,,
2026-08-18T13:50:51.362279+00:00,108,ep_next,,1.8
2026-08-18T13:50:51.362279+00:00,565,now_cost,,55
2026-08-18T13:50:51.362279+00:00,565,status,,a
2026-08-18T13:50:51.362279+00:00,565,news,,
2026-08-18T13:50:51.362279+00:00,565,ep_next,,2.0
2026-08-18T13:50:51.362279+00:00,109,now_cost,,45
2026-08-18T13:50:51.362279+00:00,109,status,,a
2026-08-18T13:50:51.362279+00:00,109,news,,
2026-08-18T13:50:51.362279+00:00,109,ep_next,,1.9
2026-08-18T13:50:51.362279+00:00,111,now_cost,,40
2026-08-18T13:50:51.362279+00:00,111,status,,a
2026-08-18T13:50:51.362279+00:00,111,news,,
2026-08-18T13:50:51.362279+00:00,111,ep_next,,1.0
2026-08-18T13:50:51.362279+00:00,113,now_cost,,45
2026-08-18T13:50:51.362279+00:00,113,status,,a
2026-08-18T13:50:51.362279+00:00,113,news,,
2026-08-18T13:50:51.362279+00:00,113,ep_next,,1.7
2026-08-18T13:50:51.362279+00:00,114,now_cost,,45
2026-08-18T13:50:51.362279+00:00,114,status,,a
2026-08-18T13:50:51.362279+00:00,114,news,,
2026-08-18T13:50:51.362279+00:00,114,ep_next,,1.7
2026-08-18T13:50:51.362279+00:00,115,now_cost,,45
2026-08-18T13:50:51.362279+00:00,115,status,,a
2026-08-18T13:50:51.362279+00:00,115,news,,
2026-08-18T13:50:51.362279+00:00,115,ep_next,,1.7
2026-08-18T13:50:51.362279+00:00,116,now_cost,,45
2026-08-18T13:50:51.362279+00:00,116,status,,a
2026-08-18T13:50:51.362279+00:00,116,news,,
2026-08-18T13:50:51.362279+00:00,116,ep_next,,1.7
2026-08-18T13:50:51.362279+00:00,117,now_cost,,45
2026-08-18T13:50:51.362279+00:00,117,status,,a
2026-08-18T13:50:51.362279+00:00,117,news,,
2026-08-18T13:50:51.362279+00:00,117,ep_next,,1.7
2026-08-18T13:50:51.362279+00:00,118,now_cost,,45
2026-08-18T13:50:51.362279+00:00,118,status,,a
2026-08-18T13:50:51.362279+00:00,118,news,,
2026-08-18T13:50:51.362279+00:00,118,ep_next,,1.7
2026-08-18T13:50:51.362279+00:00,119,now_cost,,45
2026-08-18T13:50:51.362279+00:00,119,status,,a
2026-08-18T13:50:51.362279+00:00,119,news,,
2026-08-18T13:50:51.362279+00:00,119,ep_next,,1.7
2026-08-18T13:50:51.362279+00:00,120,now_cost,,50
2026-08-18T13:50:51.362279+00:00,120,status,,a
2026-08-18T13:50:51.362279+00:00,120,news,,
2026-08-18T13:50:51.362279+00:00,120,ep_next,,2.2
2026-08-18T13:50:51.362279+00:00,121,now_cost,,60
2026-08-18T13:50:51.362279+00:00,121,status,,i
2026-08-18T13:50:51.362279+00:00,121,news,,Hamstring injury - Unknown return date
2026-08-18T13:50:51.362279+00:00,121,news_added,,2026-07-24T18:30:10.661894Z
2026-08-18T13:50:51.362279+00:00,121,chance_of_playing_next_round,,0
2026-08-18T13:50:51.362279+00:00,121,ep_next,,0.0
2026-08-18T13:50:51.362279+00:00,122,now_cost,,60
2026-08-18T13:50:51.362279+00:00,122,status,,i
2026-08-18T13:50:51.362279+00:00,122,news,,Leg injury - Expected back 28 Nov
2026-08-18T13:50:51.362279+00:00,122,news_added,,2026-08-14T18:00:06.418033Z
2026-08-18T13:50:51.362279+00:00,122,chance_of_playing_next_round,,0
2026-08-18T13:50:51.362279+00:00,122,ep_next,,0.0
2026-08-18T13:50:51.362279+00:00,123,now_cost,,60
2026-08-18T13:50:51.362279+00:00,123,status,,a
2026-08-18T13:50:51.362279+00:00,123,news,,
2026-08-18T13:50:51.362279+00:00,123,ep_next,,2.1
2026-08-18T13:50:51.362279+00:00,124,now_cost,,55
2026-08-18T13:50:51.362279+00:00,124,status,,a
2026-08-18T13:50:51.362279+00:00,124,news,,
2026-08-18T13:50:51.362279+00:00,124,ep_next,,2.0
2026-08-18T13:50:51.362279+00:00,125,now_cost,,55
2026-08-18T13:50:51.362279+00:00,125,status,,a
2026-08-18T13:50:51.362279+00:00,125,news,,
2026-08-18T13:50:51.362279+00:00,125,ep_next,,1.8
2026-08-18T13:50:51.362279+00:00,126,now_cost,,55
2026-08-18T13:50:51.362279+00:00,126,status,,a
2026-08-18T13:50:51.362279+00:00,126,news,,
2026-08-18T13:50:51.362279+00:00,126,ep_next,,2.0
2026-08-18T13:50:51.362279+00:00,127,now_cost,,50
2026-08-18T13:50:51.362279+00:00,127,status,,a
2026-08-18T13:50:51.362279+00:00,127,news,,
2026-08-18T13:50:51.362279+00:00,127,ep_next,,1.5
2026-08-18T13:50:51.362279+00:00,128,now_cost,,50
2026-08-18T13:50:51.362279+00:00,128,status,,u
2026-08-18T13:50:51.362279+00:00,128,news,,Has joined Elche on loan for the rest of the season
2026-08-18T13:50:51.362279+00:00,128,news_added,,2026-08-10T14:03:07.561436Z
2026-08-18T13:50:51.362279+00:00,128,chance_of_playing_next_round,,0
2026-08-18T13:50:51.362279+00:00,128,ep_next,,0.0
2026-08-18T13:50:51.362279+00:00,129,now_cost,,55
2026-08-18T13:50:51.362279+00:00,129,status,,a
2026-08-18T13:50:51.362279+00:00,129,news,,
2026-08-18T13:50:51.362279+00:00,129,ep_next,,2.0
2026-08-18T13:50:51.362279+00:00,130,now_cost,,50
2026-08-18T13:50:51.362279+00:00,130,status,,a
2026-08-18T13:50:51.362279+00:00,130,news,,
2026-08-18T13:50:51.362279+00:00,130,ep_next,,2.2
2026-08-18T13:50:51.362279+00:00,131,now_cost,,50
2026-08-18T13:50:51.362279+00:00,131,status,,i
2026-08-18T13:50:51.362279+00:00,131,news,,Ankle injury - Expected back 23 Aug
2026-08-18T13:50:51.362279+00:00,131,news_added,,2026-08-06T16:00:10.997714Z
2026-08-18T13:50:51.362279+00:00,131,chance_of_playing_next_round,,0
2026-08-18T13:50:51.362279+00:00,131,ep_next,,0.0
2026-08-18T13:50:51.362279+00:00,132,now_cost,,45
2026-08-18T13:50:51.362279+00:00,132,status,,u
2026-08-18T13:50:51.362279+00:00,132,news,,Has joined Leicester City on loan for the rest of the season
2026-08-18T13:50:51.362279+00:00,132,news_added,,2026-08-17T13:53:19.019938Z
2026-08-18T13:50:51.362279+00:00,132,chance_of_playing_next_round,,0
2026-08-18T13:50:51.362279+00:00,132,ep_next,,0.0
2026-08-18T13:50:51.362279+00:00,133,now_cost,,50
2026-08-18T13:50:51.362279+00:00,133,status,,u
2026-08-18T13:50:51.362279+00:00,133,news,,Has joined Leicester City on loan for the rest of the season
2026-08-18T13:50:51.362279+00:00,133,news_added,,2026-08-03T14:05:44.459483Z
2026-08-18T13:50:51.362279+00:00,133,chance_of_playing_next_round,,0
2026-08-18T13:50:51.362279+00:00,133,ep_next,,0.0
2026-08-18T13:50:51.362279+00:00,134,now_cost,,45
2026-08-18T13:50:51.362279+00:00,134,status,,a
2026-08-18T13:50:51.362279+00:00,134,news,,
2026-08-18T13:50:51.362279+00:00,134,ep_next,,1.0
2026-08-18T13:50:51.362279+00:00,135,now_cost,,50
2026-08-18T13:50:51.362279+00:00,135,status,,a
2026-08-18T13:50:51.362279+00:00,135,news,,
2026-08-18T13:50:51.362279+00:00,135,ep_next,,1.5
2026-08-18T13:50:51.362279+00:00,137,now_cost,,55
2026-08-18T13:50:51.362279+00:00,137,status,,d
2026-08-18T13:50:51.362279+00:00,137,news,,Knee injury - 75% chance of playing
2026-08-18T13:50:51.362279+00:00,137,news_added,,2026-07-23T12:01:23.432796Z
2026-08-18T13:50:51.362279+00:00,137,chance_of_playing_next_round,,75
2026-08-18T13:50:51.362279+00:00,137,ep_next,,1.3
2026-08-18T13:50:51.362279+00:00,138,now_cost,,55
2026-08-18T13:50:51.362279+00:00,138,status,,a
2026-08-18T13:50:51.362279+00:00,138,news,,
2026-08-18T13:50:51.362279+00:00,138,ep_next,,1.8
2026-08-18T13:50:51.362279+00:00,139,now_cost,,50
2026-08-18T13:50:51.362279+00:00,139,status,,i
2026-08-18T13:50:51.362279+00:00,139,news,,Ankle injury - Expected back 10 Oct
2026-08-18T13:50:51.362279+00:00,139,news_added,,2026-07-23T12:01:23.448357Z
2026-08-18T13:50:51.362279+00:00,139,chance_of_playing_next_round,,0
2026-08-18T13:50:51.362279+00:00,139,ep_next,,0.0
2026-08-18T13:50:51.362279+00:00,328,now_cost,,50
2026-08-18T13:50:51.362279+00:00,328,status,,d
2026-08-18T13:50:51.362279+00:00,328,news,,Knock - 75% chance of playing
2026-08-18T13:50:51.362279+00:00,328,news_added,,2026-08-15T20:30:07.523574Z
2026-08-18T13:50:51.362279+00:00,328,chance_of_playing_next_round,,75
2026-08-18T13:50:51.362279+00:00,328,ep_next,,1.6
2026-08-18T13:50:51.362279+00:00,504,now_cost,,50
2026-08-18T13:50:51.362279+00:00,504,status,,a
2026-08-18T13:50:51.362279+00:00,504,news,,
2026-08-18T13:50:51.362279+00:00,504,ep_next,,2.2
2026-08-18T13:50:51.362279+00:00,40,now_cost,,75
2026-08-18T13:50:51.362279+00:00,40,status,,a
2026-08-18T13:50:51.362279+00:00,40,news,,
2026-08-18T13:50:51.362279+00:00,40,ep_next,,2.6
2026-08-18T13:50:51.362279+00:00,101,now_cost,,50
2026-08-18T13:50:51.362279+00:00,101,status,,d
2026-08-18T13:50:51.362279+00:00,101,news,,Wrist injury - 75% chance of playing
2026-08-18T13:50:51.362279+00:00,101,news_added,,2026-08-09T09:30:07.136250Z
2026-08-18T13:50:51.362279+00:00,101,chance_of_playing_next_round,,75
2026-08-18T13:50:51.362279+00:00,101,ep_next,,1.1
2026-08-18T13:50:51.362279+00:00,136,now_cost,,60
2026-08-18T13:50:51.362279+00:00,136,status,,a
2026-08-18T13:50:51.362279+00:00,136,news,,
2026-08-18T13:50:51.362279+00:00,136,ep_next,,2.0
2026-08-18T13:50:51.362279+00:00,140,now_cost,,50
2026-08-18T13:50:51.362279+00:00,140,status,,a
2026-08-18T13:50:51.362279+00:00,140,news,,
2026-08-18T13:50:51.362279+00:00,140,ep_next,,2.6
2026-08-18T13:50:51.362279+00:00,141,now_cost,,50
2026-08-18T13:50:51.362279+00:00,141,status,,u
2026-08-18T13:50:51.362279+00:00,141,news,,Has joined RC Strasbourg on loan for the rest of the season
2026-08-18T13:50:51.362279+00:00,141,news_added,,2026-08-12T14:07:02.607115Z
2026-08-18T13:50:51.362279+00:00,141,chance_of_playing_next_round,,0
2026-08-18T13:50:51.362279+00:00,141,ep_next,,0.0
2026-08-18T13:50:51.362279+00:00,142,now_cost,,55
2026-08-18T13:50:51.362279+00:00,142,status,,a
2026-08-18T13:50:51.362279+00:00,142,news,,
2026-08-18T13:50:51.362279+00:00,142,ep_next,,2.5
2026-08-18T13:50:51.362279+00:00,143,now_cost,,55
2026-08-18T13:50:51.362279+00:00,143,status,,u
2026-08-18T13:50:51.362279+00:00,143,news,,Has joined Como permanently
2026-08-18T13:50:51.362279+00:00,143,news_added,,2026-08-10T14:03:50.769483Z
2026-08-18T13:50:51.362279+00:00,143,chance_of_playing_next_round,,0
2026-08-18T13:50:51.362279+00:00,143,ep_next,,0.0
2026-08-18T13:50:51.362279+00:00,144,now_cost,,50
2026-08-18T13:50:51.362279+00:00,144,status,,a
2026-08-18T13:50:51.362279+00:00,144,news,,
2026-08-18T13:50:51.362279+00:00,144,ep_next,,2.2
2026-08-18T13:50:51.362279+00:00,145,now_cost,,50
2026-08-18T13:50:51.362279+00:00,145,status,,s
2026-08-18T13:50:51.362279+00:00,145,news,,Suspended until 6 Sep
2026-08-18T13:50:51.362279+00:00,145,news_added,,2026-07-23T12:01:23.464591Z
2026-08-18T13:50:51.362279+00:00,145,chance_of_playing_next_round,,0
2026-08-18T13:50:51.362279+00:00,145,ep_next,,0.0
2026-08-18T13:50:51.362279+00:00,146,now_cost,,45
2026-08-18T13:50:51.362279+00:00,146,status,,a
2026-08-18T13:50:51.362279+00:00,146,news,,
2026-08-18T13:50:51.362279+00:00,146,ep_next,,1.7
2026-08-18T13:50:51.362279+00:00,147,now_cost,,45
2026-08-18T13:50:51.362279+00:00,147,status,,a
2026-08-18T13:50:51.362279+00:00,147,news,,
2026-08-18T13:50:51.362279+00:00,147,ep_next,,1.7
2026-08-18T13:50:51.362279+00:00,148,now_cost,,45
2026-08-18T13:50:51.362279+00:00,148,status,,a
2026-08-18T13:50:51.362279+00:00,148,news,,
2026-08-18T13:50:51.362279+00:00,148,ep_next,,1.7
2026-08-18T13:50:51.362279+00:00,149,now_cost,,50
2026-08-18T13:50:51.362279+00:00,149,status,,a
2026-08-18T13:50:51.362279+00:00,149,news,,
2026-08-18T13:50:51.362279+00:00,149,ep_next,,2.2
2026-08-18T13:50:51.362279+00:00,150,now_cost,,45
2026-08-18T13:50:51.362279+00:00,150,status,,a
2026-08-18T13:50:51.362279+00:00,150,news,,
2026-08-18T13:50:51.362279+00:00,150,ep_next,,1.7
2026-08-18T13:50:51.362279+00:00,151,now_cost,,45
2026-08-18T13:50:51.362279+00:00,151,status,,a
2026-08-18T13:50:51.362279+00:00,151,news,,
2026-08-18T13:50:51.362279+00:00,151,ep_next,,1.7
2026-08-18T13:50:51.362279+00:00,152,now_cost,,55
2026-08-18T13:50:51.362279+00:00,152,status,,a
2026-08-18T13:50:51.362279+00:00,152,news,,
2026-08-18T13:50:51.362279+00:00,152,ep_next,,2.5
2026-08-18T13:50:51.362279+00:00,153,now_cost,,45
2026-08-18T13:50:51.362279+00:00,153,status,,a
2026-08-18T13:50:51.362279+00:00,153,news,,
2026-08-18T13:50:51.362279+00:00,153,ep_next,,1.7
2026-08-18T13:50:51.362279+00:00,154,now_cost,,95
2026-08-18T13:50:51.362279+00:00,154,status,,a
2026-08-18T13:50:51.362279+00:00,154,news,,
2026-08-18T13:50:51.362279+00:00,154,ep_next,,3.2
2026-08-18T13:50:51.362279+00:00,155,now_cost,,70
2026-08-18T13:50:51.362279+00:00,155,status,,a
2026-08-18T13:50:51.362279+00:00,155,news,,
2026-08-18T13:50:51.362279+00:00,155,ep_next,,2.5
2026-08-18T13:50:51.362279+00:00,156,now_cost,,65
2026-08-18T13:50:51.362279+00:00,156,status,,a
2026-08-18T13:50:51.362279+00:00,156,news,,
2026-08-18T13:50:51.362279+00:00,156,ep_next,,2.3
2026-08-18T13:50:51.362279+00:00,157,now_cost,,65
2026-08-18T13:50:51.362279+00:00,157,status,,a
2026-08-18T13:50:51.362279+00:00,157,news,,
2026-08-18T13:50:51.362279+00:00,157,ep_next,,2.3
2026-08-18T13:50:51.362279+00:00,158,now_cost,,60
2026-08-18T13:50:51.362279+00:00,158,status,,a
2026-08-18T13:50:51.362279+00:00,158,news,,
2026-08-18T13:50:51.362279+00:00,158,ep_next,,2.1
2026-08-18T13:50:51.362279+00:00,159,now_cost,,55
2026-08-18T13:50:51.362279+00:00,159,status,,a
2026-08-18T13:50:51.362279+00:00,159,news,,
2026-08-18T13:50:51.362279+00:00,159,ep_next,,2.0
2026-08-18T13:50:51.362279+00:00,161,now_cost,,50
2026-08-18T13:50:51.362279+00:00,161,status,,a
2026-08-18T13:50:51.362279+00:00,161,news,,
2026-08-18T13:50:51.362279+00:00,161,ep_next,,1.5
2026-08-18T13:50:51.362279+00:00,163,now_cost,,45
2026-08-18T13:50:51.362279+00:00,163,status,,a
2026-08-18T13:50:51.362279+00:00,163,news,,
2026-08-18T13:50:51.362279+00:00,163,ep_next,,1.0
2026-08-18T13:50:51.362279+00:00,164,now_cost,,55
2026-08-18T13:50:51.362279+00:00,164,status,,a
2026-08-18T13:50:51.362279+00:00,164,news,,
2026-08-18T13:50:51.362279+00:00,164,news_added,,2026-07-24T20:30:10.609931Z
2026-08-18T13:50:51.362279+00:00,164,chance_of_playing_next_round,,100
2026-08-18T13:50:51.362279+00:00,164,ep_next,,2.0
2026-08-18T13:50:51.362279+00:00,165,now_cost,,75
2026-08-18T13:50:51.362279+00:00,165,status,,a
2026-08-18T13:50:51.362279+00:00,165,news,,
2026-08-18T13:50:51.362279+00:00,165,ep_next,,2.3
2026-08-18T13:50:51.362279+00:00,166,now_cost,,65
2026-08-18T13:50:51.362279+00:00,166,status,,a
2026-08-18T13:50:51.362279+00:00,166,news,,
2026-08-18T13:50:51.362279+00:00,166,ep_next,,2.1
2026-08-18T13:50:51.362279+00:00,167,now_cost,,55
2026-08-18T13:50:51.362279+00:00,167,status,,a
2026-08-18T13:50:51.362279+00:00,167,news,,
2026-08-18T13:50:51.362279+00:00,167,ep_next,,1.8
2026-08-18T13:50:51.362279+00:00,168,now_cost,,50
2026-08-18T13:50:51.362279+00:00,168,status,,a
2026-08-18T13:50:51.362279+00:00,168,news,,
2026-08-18T13:50:51.362279+00:00,168,ep_next,,1.4
2026-08-18T13:50:51.362279+00:00,169,now_cost,,45
2026-08-18T13:50:51.362279+00:00,169,status,,a
2026-08-18T13:50:51.362279+00:00,169,news,,
2026-08-18T13:50:51.362279+00:00,169,ep_next,,1.0
2026-08-18T13:50:51.362279+00:00,170,now_cost,,50
2026-08-18T13:50:51.362279+00:00,170,status,,d
2026-08-18T13:50:51.362279+00:00,170,news,,Hamstring injury - 75% chance of playing
2026-08-18T13:50:51.362279+00:00,170,news_added,,2026-07-24T20:30:10.622380Z
2026-08-18T13:50:51.362279+00:00,170,chance_of_playing_next_round,,75
2026-08-18T13:50:51.362279+00:00,170,ep_next,,1.0
2026-08-18T13:50:51.362279+00:00,200,now_cost,,60
2026-08-18T13:50:51.362279+00:00,200,status,,a
2026-08-18T13:50:51.362279+00:00,200,news,,
2026-08-18T13:50:51.362279+00:00,200,ep_next,,2.8
2026-08-18T13:50:51.362279+00:00,560,now_cost,,45
2026-08-18T13:50:51.362279+00:00,560,status,,a
2026-08-18T13:50:51.362279+00:00,560,news,,
2026-08-18T13:50:51.362279+00:00,560,ep_next,,1.9
2026-08-18T13:50:51.362279+00:00,561,now_cost,,45
2026-08-18T13:50:51.362279+00:00,561,status,,a
2026-08-18T13:50:51.362279+00:00,561,news,,
2026-08-18T13:50:51.362279+00:00,561,ep_next,,1.7
2026-08-18T13:50:51.362279+00:00,568,now_cost,,55
2026-08-18T13:50:51.362279+00:00,568,status,,a
2026-08-18T13:50:51.362279+00:00,568,news,,
2026-08-18T13:50:51.362279+00:00,568,ep_next,,2.0
2026-08-18T13:50:51.362279+00:00,578,now_cost,,55
2026-08-18T13:50:51.362279+00:00,578,status,,a
2026-08-18T13:50:51.362279+00:00,578,news,,
2026-08-18T13:50:51.362279+00:00,578,ep_next,,2.0
2026-08-18T13:50:51.362279+00:00,583,now_cost,,50
2026-08-18T13:50:51.362279+00:00,583,status,,a
2026-08-18T13:50:51.362279+00:00,583,news,,
2026-08-18T13:50:51.362279+00:00,583,ep_next,,2.2
2026-08-18T13:50:51.362279+00:00,104,now_cost,,50
2026-08-18T13:50:51.362279+00:00,104,status,,a
2026-08-18T13:50:51.362279+00:00,104,news,,
2026-08-18T13:50:51.362279+00:00,104,ep_next,,1.5
2026-08-18T13:50:51.362279+00:00,110,now_cost,,45
2026-08-18T13:50:51.362279+00:00,110,status,,a
2026-08-18T13:50:51.362279+00:00,110,news,,
2026-08-18T13:50:51.362279+00:00,110,ep_next,,1.9
2026-08-18T13:50:51.362279+00:00,171,now_cost,,40
2026-08-18T13:50:51.362279+00:00,171,status,,a
2026-08-18T13:50:51.362279+00:00,171,news,,
2026-08-18T13:50:51.362279+00:00,171,ep_next,,1.0
2026-08-18T13:50:51.362279+00:00,172,now_cost,,45
2026-08-18T13:50:51.362279+00:00,172,status,,a
2026-08-18T13:50:51.362279+00:00,172,news,,
2026-08-18T13:50:51.362279+00:00,172,ep_next,,1.9
2026-08-18T13:50:51.362279+00:00,173,now_cost,,40
2026-08-18T13:50:51.362279+00:00,173,status,,a
2026-08-18T13:50:51.362279+00:00,173,news,,
2026-08-18T13:50:51.362279+00:00,173,ep_next,,1.0
2026-08-18T13:50:51.362279+00:00,174,now_cost,,40
2026-08-18T13:50:51.362279+00:00,174,status,,a
2026-08-18T13:50:51.362279+00:00,174,news,,
2026-08-18T13:50:51.362279+00:00,174,ep_next,,1.0
2026-08-18T13:50:51.362279+00:00,175,now_cost,,40
2026-08-18T13:50:51.362279+00:00,175,status,,a
2026-08-18T13:50:51.362279+00:00,175,news,,
2026-08-18T13:50:51.362279+00:00,175,ep_next,,1.0
2026-08-18T13:50:51.362279+00:00,176,now_cost,,40
2026-08-18T13:50:51.362279+00:00,176,status,,a
2026-08-18T13:50:51.362279+00:00,176,news,,
2026-08-18T13:50:51.362279+00:00,176,ep_next,,1.0
2026-08-18T13:50:51.362279+00:00,177,now_cost,,40
2026-08-18T13:50:51.362279+00:00,177,status,,a
2026-08-18T13:50:51.362279+00:00,177,news,,
2026-08-18T13:50:51.362279+00:00,177,ep_next,,1.0
2026-08-18T13:50:51.362279+00:00,178,now_cost,,40
2026-08-18T13:50:51.362279+00:00,178,status,,a
2026-08-18T13:50:51.362279+00:00,178,news,,
2026-08-18T13:50:51.362279+00:00,178,ep_next,,1.0
2026-08-18T13:50:51.362279+00:00,179,now_cost,,40
2026-08-18T13:50:51.362279+00:00,179,status,,a
2026-08-18T13:50:51.362279+00:00,179,news,,
2026-08-18T13:50:51.362279+00:00,179,ep_next,,1.0
2026-08-18T13:50:51.362279+00:00,180,now_cost,,40
2026-08-18T13:50:51.362279+00:00,180,status,,a
2026-08-18T13:50:51.362279+00:00,180,news,,
2026-08-18T13:50:51.362279+00:00,180,ep_next,,1.0
2026-08-18T13:50:51.362279+00:00,181,now_cost,,40
2026-08-18T13:50:51.362279+00:00,181,status,,a
2026-08-18T13:50:51.362279+00:00,181,news,,
2026-08-18T13:50:51.362279+00:00,181,ep_next,,1.0
2026-08-18T13:50:51.362279+00:00,182,now_cost,,40
2026-08-18T13:50:51.362279+00:00,182,status,,a
2026-08-18T13:50:51.362279+00:00,182,news,,
2026-08-18T13:50:51.362279+00:00,182,ep_next,,1.0
2026-08-18T13:50:51.362279+00:00,183,now_cost,,50
2026-08-18T13:50:51.362279+00:00,183,status,,d
2026-08-18T13:50:51.362279+00:00,183,news,,Shoulder injury - 75% chance of playing
2026-08-18T13:50:51.362279+00:00,183,news_added,,2026-07-23T12:01:23.481435Z
2026-08-18T13:50:51.362279+00:00,183,chance_of_playing_next_round,,75
2026-08-18T13:50:51.362279+00:00,183,ep_next,,1.1
2026-08-18T13:50:51.362279+00:00,184,now_cost,,50
2026-08-18T13:50:51.362279+00:00,184,status,,a
2026-08-18T13:50:51.362279+00:00,184,news,,
2026-08-18T13:50:51.362279+00:00,184,ep_next,,1.5
2026-08-18T13:50:51.362279+00:00,185,now_cost,,50
2026-08-18T13:50:51.362279+00:00,185,status,,a
2026-08-18T13:50:51.362279+00:00,185,news,,
2026-08-18T13:50:51.362279+00:00,185,ep_next,,1.5
2026-08-18T13:50:51.362279+00:00,186,now_cost,,55
2026-08-18T13:50:51.362279+00:00,186,status,,d
2026-08-18T13:50:51.362279+00:00,186,news,,Hamstring injury - 75% chance of playing
2026-08-18T13:50:51.362279+00:00,186,news_added,,2026-08-14T22:00:07.201509Z
2026-08-18T13:50:51.362279+00:00,186,chance_of_playing_next_round,,75
2026-08-18T13:50:51.362279+00:00,186,ep_next,,1.5
2026-08-18T13:50:51.362279+00:00,187,now_cost,,50
2026-08-18T13:50:51.362279+00:00,187,status,,a
2026-08-18T13:50:51.362279+00:00,187,news,,
2026-08-18T13:50:51.362279+00:00,187,ep_next,,1.5
2026-08-18T13:50:51.362279+00:00,188,now_cost,,55
2026-08-18T13:50:51.362279+00:00,188,status,,a
2026-08-18T13:50:51.362279+00:00,188,news,,
2026-08-18T13:50:51.362279+00:00,188,ep_next,,2.0
2026-08-18T13:50:51.362279+00:00,189,now_cost,,45
2026-08-18T13:50:51.362279+00:00,189,status,,a
2026-08-18T13:50:51.362279+00:00,189,news,,
2026-08-18T13:50:51.362279+00:00,189,ep_next,,1.0
2026-08-18T13:50:51.362279+00:00,190,now_cost,,55
2026-08-18T13:50:51.362279+00:00,190,status,,a
2026-08-18T13:50:51.362279+00:00,190,news,,
2026-08-18T13:50:51.362279+00:00,190,ep_next,,2.0
2026-08-18T13:50:51.362279+00:00,191,now_cost,,45
2026-08-18T13:50:51.362279+00:00,191,status,,a
2026-08-18T13:50:51.362279+00:00,191,news,,
2026-08-18T13:50:51.362279+00:00,191,ep_next,,1.0
2026-08-18T13:50:51.362279+00:00,192,now_cost,,45
2026-08-18T13:50:51.362279+00:00,192,status,,a
2026-08-18T13:50:51.362279+00:00,192,news,,
2026-08-18T13:50:51.362279+00:00,192,ep_next,,1.0
2026-08-18T13:50:51.362279+00:00,193,now_cost,,55
2026-08-18T13:50:51.362279+00:00,193,status,,i
2026-08-18T13:50:51.362279+00:00,193,news,,Thigh injury - Unknown return date
2026-08-18T13:50:51.362279+00:00,193,news_added,,2026-08-14T22:00:07.214508Z
2026-08-18T13:50:51.362279+00:00,193,chance_of_playing_next_round,,0
2026-08-18T13:50:51.362279+00:00,193,ep_next,,0.0
2026-08-18T13:50:51.362279+00:00,194,now_cost,,50
2026-08-18T13:50:51.362279+00:00,194,status,,a
2026-08-18T13:50:51.362279+00:00,194,news,,
2026-08-18T13:50:51.362279+00:00,194,ep_next,,1.4
2026-08-18T13:50:51.362279+00:00,195,now_cost,,50
2026-08-18T13:50:51.362279+00:00,195,status,,a
2026-08-18T13:50:51.362279+00:00,195,news,,
2026-08-18T13:50:51.362279+00:00,195,ep_next,,1.4
2026-08-18T13:50:51.362279+00:00,196,now_cost,,50
2026-08-18T13:50:51.362279+00:00,196,status,,u
2026-08-18T13:50:51.362279+00:00,196,news,,Has joined Shabab Al-Ahli Dubai permanently
2026-08-18T13:50:51.362279+00:00,196,news_added,,2026-08-17T13:53:55.791223Z
2026-08-18T13:50:51.362279+00:00,196,chance_of_playing_next_round,,0
2026-08-18T13:50:51.362279+00:00,196,ep_next,,0.0
2026-08-18T13:50:51.362279+00:00,197,now_cost,,45
2026-08-18T13:50:51.362279+00:00,197,status,,u
2026-08-18T13:50:51.362279+00:00,197,news,,Has joined KVC Westerlo on loan for the rest of the season
2026-08-18T13:50:51.362279+00:00,197,news_added,,2026-07-28T12:58:50.001768Z
2026-08-18T13:50:51.362279+00:00,197,chance_of_playing_next_round,,0
2026-08-18T13:50:51.362279+00:00,197,ep_next,,0.0
2026-08-18T13:50:51.362279+00:00,575,now_cost,,50
2026-08-18T13:50:51.362279+00:00,575,status,,a
2026-08-18T13:50:51.362279+00:00,575,news,,
2026-08-18T13:50:51.362279+00:00,575,ep_next,,1.5
2026-08-18T13:50:51.362279+00:00,584,now_cost,,55
2026-08-18T13:50:51.362279+00:00,584,status,,a
2026-08-18T13:50:51.362279+00:00,584,news,,
2026-08-18T13:50:51.362279+00:00,584,ep_next,,2.0
2026-08-18T13:50:51.362279+00:00,42,now_cost,,55
2026-08-18T13:50:51.362279+00:00,42,status,,a
2026-08-18T13:50:51.362279+00:00,42,news,,
2026-08-18T13:50:51.362279+00:00,42,ep_next,,2.0
2026-08-18T13:50:51.362279+00:00,198,now_cost,,50
2026-08-18T13:50:51.362279+00:00,198,status,,a
2026-08-18T13:50:51.362279+00:00,198,news,,
2026-08-18T13:50:51.362279+00:00,198,ep_next,,2.6
2026-08-18T13:50:51.362279+00:00,199,now_cost,,45
2026-08-18T13:50:51.362279+00:00,199,status,,a
2026-08-18T13:50:51.362279+00:00,199,news,,
2026-08-18T13:50:51.362279+00:00,199,ep_next,,1.9
2026-08-18T13:50:51.362279+00:00,201,now_cost,,55
2026-08-18T13:50:51.362279+00:00,201,status,,a
2026-08-18T13:50:51.362279+00:00,201,news,,
2026-08-18T13:50:51.362279+00:00,201,ep_next,,2.5
2026-08-18T13:50:51.362279+00:00,202,now_cost,,50
2026-08-18T13:50:51.362279+00:00,202,status,,a
2026-08-18T13:50:51.362279+00:00,202,news,,
2026-08-18T13:50:51.362279+00:00,202,ep_next,,2.2
2026-08-18T13:50:51.362279+00:00,203,now_cost,,50
2026-08-18T13:50:51.362279+00:00,203,status,,a
2026-08-18T13:50:51.362279+00:00,203,news,,
2026-08-18T13:50:51.362279+00:00,203,ep_next,,2.2
2026-08-18T13:50:51.362279+00:00,204,now_cost,,45
2026-08-18T13:50:51.362279+00:00,204,status,,a
2026-08-18T13:50:51.362279+00:00,204,news,,
2026-08-18T13:50:51.362279+00:00,204,ep_next,,1.7
2026-08-18T13:50:51.362279+00:00,205,now_cost,,45
2026-08-18T13:50:51.362279+00:00,205,status,,a
2026-08-18T13:50:51.362279+00:00,205,news,,
2026-08-18T13:50:51.362279+00:00,205,ep_next,,1.7
2026-08-18T13:50:51.362279+00:00,206,now_cost,,45
2026-08-18T13:50:51.362279+00:00,206,status,,a
2026-08-18T13:50:51.362279+00:00,206,news,,
2026-08-18T13:50:51.362279+00:00,206,ep_next,,1.7
2026-08-18T13:50:51.362279+00:00,207,now_cost,,45
2026-08-18T13:50:51.362279+00:00,207,status,,a
2026-08-18T13:50:51.362279+00:00,207,news,,
2026-08-18T13:50:51.362279+00:00,207,ep_next,,1.7
2026-08-18T13:50:51.362279+00:00,208,now_cost,,65
2026-08-18T13:50:51.362279+00:00,208,status,,a
2026-08-18T13:50:51.362279+00:00,208,news,,
2026-08-18T13:50:51.362279+00:00,208,ep_next,,2.3
2026-08-18T13:50:51.362279+00:00,210,now_cost,,55
2026-08-18T13:50:51.362279+00:00,210,status,,a
2026-08-18T13:50:51.362279+00:00,210,news,,
2026-08-18T13:50:51.362279+00:00,210,news_added,,2026-07-23T12:01:23.498963Z
2026-08-18T13:50:51.362279+00:00,210,chance_of_playing_next_round,,100
2026-08-18T13:50:51.362279+00:00,210,ep_next,,2.0
2026-08-18T13:50:51.362279+00:00,211,now_cost,,55
2026-08-18T13:50:51.362279+00:00,211,status,,a
2026-08-18T13:50:51.362279+00:00,211,news,,
2026-08-18T13:50:51.362279+00:00,211,ep_next,,2.0
2026-08-18T13:50:51.362279+00:00,212,now_cost,,45
2026-08-18T13:50:51.362279+00:00,212,status,,a
2026-08-18T13:50:51.362279+00:00,212,news,,
2026-08-18T13:50:51.362279+00:00,212,ep_next,,1.0
2026-08-18T13:50:51.362279+00:00,213,now_cost,,50
2026-08-18T13:50:51.362279+00:00,213,status,,a
2026-08-18T13:50:51.362279+00:00,213,news,,
2026-08-18T13:50:51.362279+00:00,213,ep_next,,1.5
2026-08-18T13:50:51.362279+00:00,214,now_cost,,50
2026-08-18T13:50:51.362279+00:00,214,status,,a
2026-08-18T13:50:51.362279+00:00,214,news,,
2026-08-18T13:50:51.362279+00:00,214,ep_next,,1.5
2026-08-18T13:50:51.362279+00:00,215,now_cost,,50
2026-08-18T13:50:51.362279+00:00,215,status,,a
2026-08-18T13:50:51.362279+00:00,215,news,,
2026-08-18T13:50:51.362279+00:00,215,ep_next,,1.5
2026-08-18T13:50:51.362279+00:00,216,now_cost,,50
2026-08-18T13:50:51.362279+00:00,216,status,,a
2026-08-18T13:50:51.362279+00:00,216,news,,
2026-08-18T13:50:51.362279+00:00,216,ep_next,,1.5
2026-08-18T13:50:51.362279+00:00,217,now_cost,,50
2026-08-18T13:50:51.362279+00:00,217,status,,a
2026-08-18T13:50:51.362279+00:00,217,news,,
2026-08-18T13:50:51.362279+00:00,217,ep_next,,1.5
2026-08-18T13:50:51.362279+00:00,218,now_cost,,50
2026-08-18T13:50:51.362279+00:00,218,status,,a
2026-08-18T13:50:51.362279+00:00,218,news,,
2026-08-18T13:50:51.362279+00:00,218,ep_next,,1.5
2026-08-18T13:50:51.362279+00:00,219,now_cost,,50
2026-08-18T13:50:51.362279+00:00,219,status,,a
2026-08-18T13:50:51.362279+00:00,219,news,,
2026-08-18T13:50:51.362279+00:00,219,ep_next,,1.5
2026-08-18T13:50:51.362279+00:00,220,now_cost,,45
2026-08-18T13:50:51.362279+00:00,220,status,,u
2026-08-18T13:50:51.362279+00:00,220,news,,Has joined Bristol City on loan for the rest of the season
2026-08-18T13:50:51.362279+00:00,220,news_added,,2026-08-12T14:08:46.501813Z
2026-08-18T13:50:51.362279+00:00,220,chance_of_playing_next_round,,0
2026-08-18T13:50:51.362279+00:00,220,ep_next,,0.0
2026-08-18T13:50:51.362279+00:00,221,now_cost,,45
2026-08-18T13:50:51.362279+00:00,221,status,,a
2026-08-18T13:50:51.362279+00:00,221,news,,
2026-08-18T13:50:51.362279+00:00,221,ep_next,,1.0
2026-08-18T13:50:51.362279+00:00,222,now_cost,,60
2026-08-18T13:50:51.362279+00:00,222,status,,a
2026-08-18T13:50:51.362279+00:00,222,news,,
2026-08-18T13:50:51.362279+00:00,222,ep_next,,2.0
2026-08-18T13:50:51.362279+00:00,223,now_cost,,65
2026-08-18T13:50:51.362279+00:00,223,status,,a
2026-08-18T13:50:51.362279+00:00,223,news,,
2026-08-18T13:50:51.362279+00:00,223,ep_next,,2.1
2026-08-18T13:50:51.362279+00:00,224,now_cost,,55
2026-08-18T13:50:51.362279+00:00,224,status,,a
2026-08-18T13:50:51.362279+00:00,224,news,,
2026-08-18T13:50:51.362279+00:00,224,ep_next,,1.8
2026-08-18T13:50:51.362279+00:00,225,now_cost,,50
2026-08-18T13:50:51.362279+00:00,225,status,,u
2026-08-18T13:50:51.362279+00:00,225,news,,has returned to Getafe CF
2026-08-18T13:50:51.362279+00:00,225,news_added,,2026-07-23T12:18:56.275922Z
2026-08-18T13:50:51.362279+00:00,225,chance_of_playing_next_round,,0
2026-08-18T13:50:51.362279+00:00,225,ep_next,,0.0
2026-08-18T13:50:51.362279+00:00,241,now_cost,,55
2026-08-18T13:50:51.362279+00:00,241,status,,a
2026-08-18T13:50:51.362279+00:00,241,news,,
2026-08-18T13:50:51.362279+00:00,241,ep_next,,2.0
2026-08-18T13:50:51.362279+00:00,555,now_cost,,40
2026-08-18T13:50:51.362279+00:00,555,status,,a
2026-08-18T13:50:51.362279+00:00,555,news,,
2026-08-18T13:50:51.362279+00:00,555,ep_next,,1.0
2026-08-18T13:50:51.362279+00:00,577,now_cost,,45
2026-08-18T13:50:51.362279+00:00,577,status,,a
2026-08-18T13:50:51.362279+00:00,577,news,,
2026-08-18T13:50:51.362279+00:00,577,ep_next,,1.7
2026-08-18T13:50:51.362279+00:00,588,now_cost,,50
2026-08-18T13:50:51.362279+00:00,588,status,,a
2026-08-18T13:50:51.362279+00:00,588,news,,
2026-08-18T13:50:51.362279+00:00,588,ep_next,,2.2
2026-08-18T13:50:51.362279+00:00,21,now_cost,,50
2026-08-18T13:50:51.362279+00:00,21,status,,d
2026-08-18T13:50:51.362279+00:00,21,news,,Lack of match fitness - 75% chance of playing
2026-08-18T13:50:51.362279+00:00,21,news_added,,2026-08-15T20:00:06.779594Z
2026-08-18T13:50:51.362279+00:00,21,chance_of_playing_next_round,,75
2026-08-18T13:50:51.362279+00:00,21,ep_next,,1.1
2026-08-18T13:50:51.362279+00:00,209,now_cost,,60
2026-08-18T13:50:51.362279+00:00,209,status,,a
2026-08-18T13:50:51.362279+00:00,209,news,,
2026-08-18T13:50:51.362279+00:00,209,ep_next,,2.1
2026-08-18T13:50:51.362279+00:00,226,now_cost,,55
2026-08-18T13:50:51.362279+00:00,226,status,,a
2026-08-18T13:50:51.362279+00:00,226,news,,
2026-08-18T13:50:51.362279+00:00,226,ep_next,,3.3
2026-08-18T13:50:51.362279+00:00,227,now_cost,,50
2026-08-18T13:50:51.362279+00:00,227,status,,a
2026-08-18T13:50:51.362279+00:00,227,news,,
2026-08-18T13:50:51.362279+00:00,227,ep_next,,2.6
2026-08-18T13:50:51.362279+00:00,228,now_cost,,45
2026-08-18T13:50:51.362279+00:00,228,status,,a
2026-08-18T13:50:51.362279+00:00,228,news,,
2026-08-18T13:50:51.362279+00:00,228,ep_next,,1.9
2026-08-18T13:50:51.362279+00:00,229,now_cost,,60
2026-08-18T13:50:51.362279+00:00,229,status,,a
2026-08-18T13:50:51.362279+00:00,229,news,,
2026-08-18T13:50:51.362279+00:00,229,ep_next,,2.8
2026-08-18T13:50:51.362279+00:00,230,now_cost,,55
2026-08-18T13:50:51.362279+00:00,230,status,,a
2026-08-18T13:50:51.362279+00:00,230,news,,
2026-08-18T13:50:51.362279+00:00,230,ep_next,,2.5
2026-08-18T13:50:51.362279+00:00,231,now_cost,,50
2026-08-18T13:50:51.362279+00:00,231,status,,a
2026-08-18T13:50:51.362279+00:00,231,news,,
2026-08-18T13:50:51.362279+00:00,231,ep_next,,2.2
2026-08-18T13:50:51.362279+00:00,232,now_cost,,50
2026-08-18T13:50:51.362279+00:00,232,status,,a
2026-08-18T13:50:51.362279+00:00,232,news,,
2026-08-18T13:50:51.362279+00:00,232,ep_next,,2.2
2026-08-18T13:50:51.362279+00:00,233,now_cost,,45
2026-08-18T13:50:51.362279+00:00,233,status,,a
2026-08-18T13:50:51.362279+00:00,233,news,,
2026-08-18T13:50:51.362279+00:00,233,ep_next,,1.7
2026-08-18T13:50:51.362279+00:00,234,now_cost,,45
2026-08-18T13:50:51.362279+00:00,234,status,,a
2026-08-18T13:50:51.362279+00:00,234,news,,
2026-08-18T13:50:51.362279+00:00,234,ep_next,,1.7
2026-08-18T13:50:51.362279+00:00,235,now_cost,,40
2026-08-18T13:50:51.362279+00:00,235,status,,a
2026-08-18T13:50:51.362279+00:00,235,news,,
2026-08-18T13:50:51.362279+00:00,235,ep_next,,1.0
2026-08-18T13:50:51.362279+00:00,236,now_cost,,65
2026-08-18T13:50:51.362279+00:00,236,status,,a
2026-08-18T13:50:51.362279+00:00,236,news,,
2026-08-18T13:50:51.362279+00:00,236,ep_next,,2.3
2026-08-18T13:50:51.362279+00:00,237,now_cost,,60
2026-08-18T13:50:51.362279+00:00,237,status,,a
2026-08-18T13:50:51.362279+00:00,237,news,,
2026-08-18T13:50:51.362279+00:00,237,ep_next,,2.1
2026-08-18T13:50:51.362279+00:00,239,now_cost,,60
2026-08-18T13:50:51.362279+00:00,239,status,,i
2026-08-18T13:50:51.362279+00:00,239,news,,Groin injury - Expected back 22 Aug
2026-08-18T13:50:51.362279+00:00,239,news_added,,2026-07-25T14:30:10.455878Z
2026-08-18T13:50:51.362279+00:00,239,chance_of_playing_next_round,,0
2026-08-18T13:50:51.362279+00:00,239,ep_next,,0.0
2026-08-18T13:50:51.362279+00:00,240,now_cost,,50
2026-08-18T13:50:51.362279+00:00,240,status,,i
2026-08-18T13:50:51.362279+00:00,240,news,,Groin injury - Unknown return date
2026-08-18T13:50:51.362279+00:00,240,news_added,,2026-08-15T20:00:06.878792Z
2026-08-18T13:50:51.362279+00:00,240,chance_of_playing_next_round,,0
2026-08-18T13:50:51.362279+00:00,240,ep_next,,0.0
2026-08-18T13:50:51.362279+00:00,242,now_cost,,55
2026-08-18T13:50:51.362279+00:00,242,status,,a
2026-08-18T13:50:51.362279+00:00,242,news,,
2026-08-18T13:50:51.362279+00:00,242,ep_next,,2.0
2026-08-18T13:50:51.362279+00:00,243,now_cost,,50
2026-08-18T13:50:51.362279+00:00,243,status,,a
2026-08-18T13:50:51.362279+00:00,243,news,,
2026-08-18T13:50:51.362279+00:00,243,ep_next,,1.5
2026-08-18T13:50:51.362279+00:00,244,now_cost,,50
2026-08-18T13:50:51.362279+00:00,244,status,,a
2026-08-18T13:50:51.362279+00:00,244,news,,
2026-08-18T13:50:51.362279+00:00,244,ep_next,,1.5
2026-08-18T13:50:51.362279+00:00,245,now_cost,,55
2026-08-18T13:50:51.362279+00:00,245,status,,a
2026-08-18T13:50:51.362279+00:00,245,news,,
2026-08-18T13:50:51.362279+00:00,245,ep_next,,2.0
2026-08-18T13:50:51.362279+00:00,246,now_cost,,50
2026-08-18T13:50:51.362279+00:00,246,status,,a
2026-08-18T13:50:51.362279+00:00,246,news,,
2026-08-18T13:50:51.362279+00:00,246,ep_next,,1.5
2026-08-18T13:50:51.362279+00:00,247,now_cost,,55
2026-08-18T13:50:51.362279+00:00,247,status,,a
2026-08-18T13:50:51.362279+00:00,247,news,,
2026-08-18T13:50:51.362279+00:00,247,ep_next,,2.0
2026-08-18T13:50:51.362279+00:00,248,now_cost,,55
2026-08-18T13:50:51.362279+00:00,248,status,,a
2026-08-18T13:50:51.362279+00:00,248,news,,
2026-08-18T13:50:51.362279+00:00,248,ep_next,,1.8
2026-08-18T13:50:51.362279+00:00,249,now_cost,,55
2026-08-18T13:50:51.362279+00:00,249,status,,a
2026-08-18T13:50:51.362279+00:00,249,news,,
2026-08-18T13:50:51.362279+00:00,249,ep_next,,1.8
2026-08-18T13:50:51.362279+00:00,250,now_cost,,45
2026-08-18T13:50:51.362279+00:00,250,status,,a
2026-08-18T13:50:51.362279+00:00,250,news,,
2026-08-18T13:50:51.362279+00:00,250,ep_next,,1.9
2026-08-18T13:50:51.362279+00:00,251,now_cost,,40
2026-08-18T13:50:51.362279+00:00,251,status,,a
2026-08-18T13:50:51.362279+00:00,251,news,,
2026-08-18T13:50:51.362279+00:00,251,ep_next,,1.0
2026-08-18T13:50:51.362279+00:00,252,now_cost,,40
2026-08-18T13:50:51.362279+00:00,252,status,,a
2026-08-18T13:50:51.362279+00:00,252,news,,
2026-08-18T13:50:51.362279+00:00,252,ep_next,,1.0
2026-08-18T13:50:51.362279+00:00,253,now_cost,,50
2026-08-18T13:50:51.362279+00:00,253,status,,s
2026-08-18T13:50:51.362279+00:00,253,news,,Suspended until 30 Aug
2026-08-18T13:50:51.362279+00:00,253,news_added,,2026-07-23T12:01:23.516350Z
2026-08-18T13:50:51.362279+00:00,253,chance_of_playing_next_round,,0
2026-08-18T13:50:51.362279+00:00,253,ep_next,,0.0
2026-08-18T13:50:51.362279+00:00,254,now_cost,,45
2026-08-18T13:50:51.362279+00:00,254,status,,a
2026-08-18T13:50:51.362279+00:00,254,news,,
2026-08-18T13:50:51.362279+00:00,254,ep_next,,1.7
2026-08-18T13:50:51.362279+00:00,255,now_cost,,45
2026-08-18T13:50:51.362279+00:00,255,status,,a
2026-08-18T13:50:51.362279+00:00,255,news,,
2026-08-18T13:50:51.362279+00:00,255,ep_next,,1.7
2026-08-18T13:50:51.362279+00:00,256,now_cost,,45
2026-08-18T13:50:51.362279+00:00,256,status,,a
2026-08-18T13:50:51.362279+00:00,256,news,,
2026-08-18T13:50:51.362279+00:00,256,ep_next,,1.7
2026-08-18T13:50:51.362279+00:00,257,now_cost,,45
2026-08-18T13:50:51.362279+00:00,257,status,,a
2026-08-18T13:50:51.362279+00:00,257,news,,
2026-08-18T13:50:51.362279+00:00,257,ep_next,,1.7
2026-08-18T13:50:51.362279+00:00,258,now_cost,,45
2026-08-18T13:50:51.362279+00:00,258,status,,a
2026-08-18T13:50:51.362279+00:00,258,news,,
2026-08-18T13:50:51.362279+00:00,258,ep_next,,1.7
2026-08-18T13:50:51.362279+00:00,261,now_cost,,55
2026-08-18T13:50:51.362279+00:00,261,status,,a
2026-08-18T13:50:51.362279+00:00,261,news,,
2026-08-18T13:50:51.362279+00:00,261,ep_next,,2.0
2026-08-18T13:50:51.362279+00:00,262,now_cost,,55
2026-08-18T13:50:51.362279+00:00,262,status,,a
2026-08-18T13:50:51.362279+00:00,262,news,,
2026-08-18T13:50:51.362279+00:00,262,ep_next,,2.0
2026-08-18T13:50:51.362279+00:00,263,now_cost,,55
2026-08-18T13:50:51.362279+00:00,263,status,,a
2026-08-18T13:50:51.362279+00:00,263,news,,
2026-08-18T13:50:51.362279+00:00,263,ep_next,,2.0
2026-08-18T13:50:51.362279+00:00,264,now_cost,,55
2026-08-18T13:50:51.362279+00:00,264,status,,a
2026-08-18T13:50:51.362279+00:00,264,news,,
2026-08-18T13:50:51.362279+00:00,264,ep_next,,2.0
2026-08-18T13:50:51.362279+00:00,265,now_cost,,50
2026-08-18T13:50:51.362279+00:00,265,status,,a
2026-08-18T13:50:51.362279+00:00,265,news,,
2026-08-18T13:50:51.362279+00:00,265,ep_next,,1.5
2026-08-18T13:50:51.362279+00:00,266,now_cost,,50
2026-08-18T13:50:51.362279+00:00,266,status,,i
2026-08-18T13:50:51.362279+00:00,266,news,,Knee injury - Expected back 10 Oct
2026-08-18T13:50:51.362279+00:00,266,news_added,,2026-08-14T18:00:06.460944Z
2026-08-18T13:50:51.362279+00:00,266,chance_of_playing_next_round,,0
2026-08-18T13:50:51.362279+00:00,266,ep_next,,0.0
2026-08-18T13:50:51.362279+00:00,268,now_cost,,55
2026-08-18T13:50:51.362279+00:00,268,status,,a
2026-08-18T13:50:51.362279+00:00,268,news,,
2026-08-18T13:50:51.362279+00:00,268,ep_next,,2.0
2026-08-18T13:50:51.362279+00:00,269,now_cost,,45
2026-08-18T13:50:51.362279+00:00,269,status,,a
2026-08-18T13:50:51.362279+00:00,269,news,,
2026-08-18T13:50:51.362279+00:00,269,ep_next,,1.7
2026-08-18T13:50:51.362279+00:00,270,now_cost,,45
2026-08-18T13:50:51.362279+00:00,270,status,,a
2026-08-18T13:50:51.362279+00:00,270,news,,
2026-08-18T13:50:51.362279+00:00,270,ep_next,,1.0
2026-08-18T13:50:51.362279+00:00,271,now_cost,,55
2026-08-18T13:50:51.362279+00:00,271,status,,a
2026-08-18T13:50:51.362279+00:00,271,news,,
2026-08-18T13:50:51.362279+00:00,271,ep_next,,1.8
2026-08-18T13:50:51.362279+00:00,272,now_cost,,45
2026-08-18T13:50:51.362279+00:00,272,status,,a
2026-08-18T13:50:51.362279+00:00,272,news,,
2026-08-18T13:50:51.362279+00:00,272,ep_next,,1.0
2026-08-18T13:50:51.362279+00:00,569,now_cost,,60
2026-08-18T13:50:51.362279+00:00,569,status,,a
2026-08-18T13:50:51.362279+00:00,569,news,,
2026-08-18T13:50:51.362279+00:00,569,ep_next,,2.0
2026-08-18T13:50:51.362279+00:00,570,now_cost,,55
2026-08-18T13:50:51.362279+00:00,570,status,,a
2026-08-18T13:50:51.362279+00:00,570,news,,
2026-08-18T13:50:51.362279+00:00,570,ep_next,,2.0
2026-08-18T13:50:51.362279+00:00,580,now_cost,,50
2026-08-18T13:50:51.362279+00:00,580,status,,a
2026-08-18T13:50:51.362279+00:00,580,news,,
2026-08-18T13:50:51.362279+00:00,580,ep_next,,1.5
2026-08-18T13:50:51.362279+00:00,273,now_cost,,40
2026-08-18T13:50:51.362279+00:00,273,status,,a
2026-08-18T13:50:51.362279+00:00,273,news,,
2026-08-18T13:50:51.362279+00:00,273,ep_next,,1.0
2026-08-18T13:50:51.362279+00:00,274,now_cost,,45
2026-08-18T13:50:51.362279+00:00,274,status,,i
2026-08-18T13:50:51.362279+00:00,274,news,,Arm injury - Unknown return date
2026-08-18T13:50:51.362279+00:00,274,news_added,,2026-08-08T19:00:05.601633Z
2026-08-18T13:50:51.362279+00:00,274,chance_of_playing_next_round,,0
2026-08-18T13:50:51.362279+00:00,274,ep_next,,0.0
2026-08-18T13:50:51.362279+00:00,275,now_cost,,40
2026-08-18T13:50:51.362279+00:00,275,status,,u
2026-08-18T13:50:51.362279+00:00,275,news,,Has joined Grimsby Town on loan for the rest of the season
2026-08-18T13:50:51.362279+00:00,275,news_added,,2026-07-29T13:00:27.959925Z
2026-08-18T13:50:51.362279+00:00,275,chance_of_playing_next_round,,0
2026-08-18T13:50:51.362279+00:00,275,ep_next,,0.0
2026-08-18T13:50:51.362279+00:00,276,now_cost,,40
2026-08-18T13:50:51.362279+00:00,276,status,,u
2026-08-18T13:50:51.362279+00:00,276,news,,Has joined Colchester United on loan for the rest of the season
2026-08-18T13:50:51.362279+00:00,276,news_added,,2026-08-17T13:50:27.125537Z
2026-08-18T13:50:51.362279+00:00,276,chance_of_playing_next_round,,0
2026-08-18T13:50:51.362279+00:00,276,ep_next,,0.0
2026-08-18T13:50:51.362279+00:00,277,now_cost,,40
2026-08-18T13:50:51.362279+00:00,277,status,,a
2026-08-18T13:50:51.362279+00:00,277,news,,
2026-08-18T13:50:51.362279+00:00,277,ep_next,,1.0
2026-08-18T13:50:51.362279+00:00,278,now_cost,,40
2026-08-18T13:50:51.362279+00:00,278,status,,i
2026-08-18T13:50:51.362279+00:00,278,news,,Groin injury - Unknown return date
2026-08-18T13:50:51.362279+00:00,278,news_added,,2026-08-02T09:00:11.030017Z
2026-08-18T13:50:51.362279+00:00,278,chance_of_playing_next_round,,0
2026-08-18T13:50:51.362279+00:00,278,ep_next,,0.0
2026-08-18T13:50:51.362279+00:00,279,now_cost,,40
2026-08-18T13:50:51.362279+00:00,279,status,,a
2026-08-18T13:50:51.362279+00:00,279,news,,
2026-08-18T13:50:51.362279+00:00,279,ep_next,,1.0
2026-08-18T13:50:51.362279+00:00,280,now_cost,,40
2026-08-18T13:50:51.362279+00:00,280,status,,a
2026-08-18T13:50:51.362279+00:00,280,news,,
2026-08-18T13:50:51.362279+00:00,280,ep_next,,1.0
2026-08-18T13:50:51.362279+00:00,281,now_cost,,40
2026-08-18T13:50:51.362279+00:00,281,status,,i
2026-08-18T13:50:51.362279+00:00,281,news,,Hamstring injury - Expected back 29 Aug
2026-08-18T13:50:51.362279+00:00,281,news_added,,2026-08-08T19:00:05.613036Z
2026-08-18T13:50:51.362279+00:00,281,chance_of_playing_next_round,,0
2026-08-18T13:50:51.362279+00:00,281,ep_next,,0.0
2026-08-18T13:50:51.362279+00:00,282,now_cost,,40
2026-08-18T13:50:51.362279+00:00,282,status,,a
2026-08-18T13:50:51.362279+00:00,282,news,,
2026-08-18T13:50:51.362279+00:00,282,ep_next,,1.0
2026-08-18T13:50:51.362279+00:00,283,now_cost,,40
2026-08-18T13:50:51.362279+00:00,283,status,,d
2026-08-18T13:50:51.362279+00:00,283,news,,Hip injury - 75% chance of playing
2026-08-18T13:50:51.362279+00:00,283,news_added,,2026-08-02T09:00:11.038361Z
2026-08-18T13:50:51.362279+00:00,283,chance_of_playing_next_round,,75
2026-08-18T13:50:51.362279+00:00,283,ep_next,,0.8
2026-08-18T13:50:51.362279+00:00,284,now_cost,,40
2026-08-18T13:50:51.362279+00:00,284,status,,a
2026-08-18T13:50:51.362279+00:00,284,news,,
2026-08-18T13:50:51.362279+00:00,284,ep_next,,1.0
2026-08-18T13:50:51.362279+00:00,285,now_cost,,40
2026-08-18T13:50:51.362279+00:00,285,status,,a
2026-08-18T13:50:51.362279+00:00,285,news,,
2026-08-18T13:50:51.362279+00:00,285,ep_next,,1.0
2026-08-18T13:50:51.362279+00:00,286,now_cost,,50
2026-08-18T13:50:51.362279+00:00,286,status,,a
2026-08-18T13:50:51.362279+00:00,286,news,,
2026-08-18T13:50:51.362279+00:00,286,ep_next,,1.5
2026-08-18T13:50:51.362279+00:00,287,now_cost,,50
2026-08-18T13:50:51.362279+00:00,287,status,,a
2026-08-18T13:50:51.362279+00:00,287,news,,
2026-08-18T13:50:51.362279+00:00,287,ep_next,,1.5
2026-08-18T13:50:51.362279+00:00,288,now_cost,,45
2026-08-18T13:50:51.362279+00:00,288,status,,a
2026-08-18T13:50:51.362279+00:00,288,news,,
2026-08-18T13:50:51.362279+00:00,288,ep_next,,1.0
2026-08-18T13:50:51.362279+00:00,289,now_cost,,45
2026-08-18T13:50:51.362279+00:00,289,status,,a
2026-08-18T13:50:51.362279+00:00,289,news,,
2026-08-18T13:50:51.362279+00:00,289,ep_next,,1.0
2026-08-18T13:50:51.362279+00:00,290,now_cost,,45
2026-08-18T13:50:51.362279+00:00,290,status,,a
2026-08-18T13:50:51.362279+00:00,290,news,,
2026-08-18T13:50:51.362279+00:00,290,ep_next,,1.0
2026-08-18T13:50:51.362279+00:00,291,now_cost,,45
2026-08-18T13:50:51.362279+00:00,291,status,,i
2026-08-18T13:50:51.362279+00:00,291,news,,Knee injury - Unknown return date
2026-08-18T13:50:51.362279+00:00,291,news_added,,2026-07-23T12:01:23.532635Z
2026-08-18T13:50:51.362279+00:00,291,chance_of_playing_next_round,,0
2026-08-18T13:50:51.362279+00:00,291,ep_next,,0.0
2026-08-18T13:50:51.362279+00:00,292,now_cost,,50
2026-08-18T13:50:51.362279+00:00,292,status,,a
2026-08-18T13:50:51.362279+00:00,292,news,,
2026-08-18T13:50:51.362279+00:00,292,ep_next,,1.5
2026-08-18T13:50:51.362279+00:00,293,now_cost,,50
2026-08-18T13:50:51.362279+00:00,293,status,,u
2026-08-18T13:50:51.362279+00:00,293,news,,Has joined Portsmouth permanently
2026-08-18T13:50:51.362279+00:00,293,news_added,,2026-08-12T14:08:23.542043Z
2026-08-18T13:50:51.362279+00:00,293,chance_of_playing_next_round,,0
2026-08-18T13:50:51.362279+00:00,293,ep_next,,0.0
2026-08-18T13:50:51.362279+00:00,294,now_cost,,45
2026-08-18T13:50:51.362279+00:00,294,status,,i
2026-08-18T13:50:51.362279+00:00,294,news,,Thigh injury - Unknown return date
2026-08-18T13:50:51.362279+00:00,294,news_added,,2026-08-04T18:30:11.016909Z
2026-08-18T13:50:51.362279+00:00,294,chance_of_playing_next_round,,0
2026-08-18T13:50:51.362279+00:00,294,ep_next,,0.0
2026-08-18T13:50:51.362279+00:00,295,now_cost,,55
2026-08-18T13:50:51.362279+00:00,295,status,,a
2026-08-18T13:50:51.362279+00:00,295,news,,
2026-08-18T13:50:51.362279+00:00,295,ep_next,,1.8
2026-08-18T13:50:51.362279+00:00,296,now_cost,,50
2026-08-18T13:50:51.362279+00:00,296,status,,a
2026-08-18T13:50:51.362279+00:00,296,news,,
2026-08-18T13:50:51.362279+00:00,296,ep_next,,1.5
2026-08-18T13:50:51.362279+00:00,297,now_cost,,45
2026-08-18T13:50:51.362279+00:00,297,status,,i
2026-08-18T13:50:51.362279+00:00,297,news,,Thigh injury - Unknown return date
2026-08-18T13:50:51.362279+00:00,297,news_added,,2026-08-04T18:30:11.027155Z
2026-08-18T13:50:51.362279+00:00,297,chance_of_playing_next_round,,0
2026-08-18T13:50:51.362279+00:00,297,ep_next,,0.0
2026-08-18T13:50:51.362279+00:00,298,now_cost,,45
2026-08-18T13:50:51.362279+00:00,298,status,,u
2026-08-18T13:50:51.362279+00:00,298,news,,Has joined Konyaspor permanently
2026-08-18T13:50:51.362279+00:00,298,news_added,,2026-08-17T13:50:27.145733Z
2026-08-18T13:50:51.362279+00:00,298,chance_of_playing_next_round,,0
2026-08-18T13:50:51.362279+00:00,298,ep_next,,0.0
2026-08-18T13:50:51.362279+00:00,299,now_cost,,45
2026-08-18T13:50:51.362279+00:00,299,status,,u
2026-08-18T13:50:51.362279+00:00,299,news,,Has joined Sheffield Wednesday on loan for the rest of the season
2026-08-18T13:50:51.362279+00:00,299,news_added,,2026-08-03T14:05:20.234842Z
2026-08-18T13:50:51.362279+00:00,299,chance_of_playing_next_round,,0
2026-08-18T13:50:51.362279+00:00,299,ep_next,,0.0
2026-08-18T13:50:51.362279+00:00,340,now_cost,,50
2026-08-18T13:50:51.362279+00:00,340,status,,i
2026-08-18T13:50:51.362279+00:00,340,news,,Ankle injury - Expected back 5 Sep
2026-08-18T13:50:51.362279+00:00,340,news_added,,2026-08-17T21:30:07.799839Z
2026-08-18T13:50:51.362279+00:00,340,chance_of_playing_next_round,,0
2026-08-18T13:50:51.362279+00:00,340,ep_next,,0.0
2026-08-18T13:50:51.362279+00:00,556,now_cost,,40
2026-08-18T13:50:51.362279+00:00,556,status,,a
2026-08-18T13:50:51.362279+00:00,556,news,,
2026-08-18T13:50:51.362279+00:00,556,ep_next,,1.0
2026-08-18T13:50:51.362279+00:00,563,now_cost,,50
2026-08-18T13:50:51.362279+00:00,563,status,,d
2026-08-18T13:50:51.362279+00:00,563,news,,Calf injury - 50% chance of playing
2026-08-18T13:50:51.362279+00:00,563,news_added,,2026-08-15T16:00:07.961518Z
2026-08-18T13:50:51.362279+00:00,563,chance_of_playing_next_round,,50
2026-08-18T13:50:51.362279+00:00,563,ep_next,,0.7
2026-08-18T13:50:51.362279+00:00,572,now_cost,,45
2026-08-18T13:50:51.362279+00:00,572,status,,a
2026-08-18T13:50:51.362279+00:00,572,news,,
2026-08-18T13:50:51.362279+00:00,572,ep_next,,1.9
2026-08-18T13:50:51.362279+00:00,574,now_cost,,50
2026-08-18T13:50:51.362279+00:00,574,status,,a
2026-08-18T13:50:51.362279+00:00,574,news,,
2026-08-18T13:50:51.362279+00:00,574,ep_next,,1.5
2026-08-18T13:50:51.362279+00:00,576,now_cost,,50
2026-08-18T13:50:51.362279+00:00,576,status,,a
2026-08-18T13:50:51.362279+00:00,576,news,,
2026-08-18T13:50:51.362279+00:00,576,ep_next,,1.5
2026-08-18T13:50:51.362279+00:00,585,now_cost,,40
2026-08-18T13:50:51.362279+00:00,585,status,,a
2026-08-18T13:50:51.362279+00:00,585,news,,
2026-08-18T13:50:51.362279+00:00,585,ep_next,,1.0
2026-08-18T13:50:51.362279+00:00,586,now_cost,,40
2026-08-18T13:50:51.362279+00:00,586,status,,a
2026-08-18T13:50:51.362279+00:00,586,news,,
2026-08-18T13:50:51.362279+00:00,586,ep_next,,1.0
2026-08-18T13:50:51.362279+00:00,589,now_cost,,50
2026-08-18T13:50:51.362279+00:00,589,status,,a
2026-08-18T13:50:51.362279+00:00,589,news,,
2026-08-18T13:50:51.362279+00:00,589,ep_next,,1.5
2026-08-18T13:50:51.362279+00:00,259,now_cost,,40
2026-08-18T13:50:51.362279+00:00,259,status,,a
2026-08-18T13:50:51.362279+00:00,259,news,,
2026-08-18T13:50:51.362279+00:00,259,ep_next,,1.0
2026-08-18T13:50:51.362279+00:00,267,now_cost,,50
2026-08-18T13:50:51.362279+00:00,267,status,,a
2026-08-18T13:50:51.362279+00:00,267,news,,
2026-08-18T13:50:51.362279+00:00,267,ep_next,,1.5
2026-08-18T13:50:51.362279+00:00,300,now_cost,,45
2026-08-18T13:50:51.362279+00:00,300,status,,a
2026-08-18T13:50:51.362279+00:00,300,news,,
2026-08-18T13:50:51.362279+00:00,300,ep_next,,1.9
2026-08-18T13:50:51.362279+00:00,301,now_cost,,40
2026-08-18T13:50:51.362279+00:00,301,status,,a
2026-08-18T13:50:51.362279+00:00,301,news,,
2026-08-18T13:50:51.362279+00:00,301,ep_next,,1.0
2026-08-18T13:50:51.362279+00:00,302,now_cost,,40
2026-08-18T13:50:51.362279+00:00,302,status,,a
2026-08-18T13:50:51.362279+00:00,302,news,,
2026-08-18T13:50:51.362279+00:00,302,ep_next,,1.0
2026-08-18T13:50:51.362279+00:00,303,now_cost,,40
2026-08-18T13:50:51.362279+00:00,303,status,,a
2026-08-18T13:50:51.362279+00:00,303,news,,
2026-08-18T13:50:51.362279+00:00,303,ep_next,,1.0
2026-08-18T13:50:51.362279+00:00,304,now_cost,,40
2026-08-18T13:50:51.362279+00:00,304,status,,a
2026-08-18T13:50:51.362279+00:00,304,news,,
2026-08-18T13:50:51.362279+00:00,304,ep_next,,1.0
2026-08-18T13:50:51.362279+00:00,305,now_cost,,40
2026-08-18T13:50:51.362279+00:00,305,status,,a
2026-08-18T13:50:51.362279+00:00,305,news,,
2026-08-18T13:50:51.362279+00:00,305,ep_next,,1.0
2026-08-18T13:50:51.362279+00:00,306,now_cost,,40
2026-08-18T13:50:51.362279+00:00,306,status,,a
2026-08-18T13:50:51.362279+00:00,306,news,,
2026-08-18T13:50:51.362279+00:00,306,ep_next,,1.0
2026-08-18T13:50:51.362279+00:00,307,now_cost,,40
2026-08-18T13:50:51.362279+00:00,307,status,,a
2026-08-18T13:50:51.362279+00:00,307,news,,
2026-08-18T13:50:51.362279+00:00,307,ep_next,,1.0
2026-08-18T13:50:51.362279+00:00,308,now_cost,,40
2026-08-18T13:50:51.362279+00:00,308,status,,a
2026-08-18T13:50:51.362279+00:00,308,news,,
2026-08-18T13:50:51.362279+00:00,308,ep_next,,1.0
2026-08-18T13:50:51.362279+00:00,309,now_cost,,50
2026-08-18T13:50:51.362279+00:00,309,status,,a
2026-08-18T13:50:51.362279+00:00,309,news,,
2026-08-18T13:50:51.362279+00:00,309,ep_next,,1.5
2026-08-18T13:50:51.362279+00:00,310,now_cost,,50
2026-08-18T13:50:51.362279+00:00,310,status,,i
2026-08-18T13:50:51.362279+00:00,310,news,,Muscular injury - Unknown return date
2026-08-18T13:50:51.362279+00:00,310,news_added,,2026-07-29T18:00:10.305484Z
2026-08-18T13:50:51.362279+00:00,310,chance_of_playing_next_round,,0
2026-08-18T13:50:51.362279+00:00,310,ep_next,,0.0
2026-08-18T13:50:51.362279+00:00,311,now_cost,,50
2026-08-18T13:50:51.362279+00:00,311,status,,u
2026-08-18T13:50:51.362279+00:00,311,news,,Has joined Leicester City permanently
2026-08-18T13:50:51.362279+00:00,311,news_added,,2026-08-10T14:02:47.597478Z
2026-08-18T13:50:51.362279+00:00,311,chance_of_playing_next_round,,0
2026-08-18T13:50:51.362279+00:00,311,ep_next,,0.0
2026-08-18T13:50:51.362279+00:00,312,now_cost,,45
2026-08-18T13:50:51.362279+00:00,312,status,,i
2026-08-18T13:50:51.362279+00:00,312,news,,Knee injury - Unknown return date
2026-08-18T13:50:51.362279+00:00,312,news_added,,2026-07-29T18:00:10.319370Z
2026-08-18T13:50:51.362279+00:00,312,chance_of_playing_next_round,,0
2026-08-18T13:50:51.362279+00:00,312,ep_next,,0.0
2026-08-18T13:50:51.362279+00:00,313,now_cost,,55
2026-08-18T13:50:51.362279+00:00,313,status,,a
2026-08-18T13:50:51.362279+00:00,313,news,,
2026-08-18T13:50:51.362279+00:00,313,ep_next,,2.0
2026-08-18T13:50:51.362279+00:00,314,now_cost,,50
2026-08-18T13:50:51.362279+00:00,314,status,,a
2026-08-18T13:50:51.362279+00:00,314,news,,
2026-08-18T13:50:51.362279+00:00,314,ep_next,,1.5
2026-08-18T13:50:51.362279+00:00,315,now_cost,,55
2026-08-18T13:50:51.362279+00:00,315,status,,a
2026-08-18T13:50:51.362279+00:00,315,news,,
2026-08-18T13:50:51.362279+00:00,315,ep_next,,2.0
2026-08-18T13:50:51.362279+00:00,316,now_cost,,55
2026-08-18T13:50:51.362279+00:00,316,status,,a
2026-08-18T13:50:51.362279+00:00,316,news,,
2026-08-18T13:50:51.362279+00:00,316,ep_next,,1.8
2026-08-18T13:50:51.362279+00:00,317,now_cost,,50
2026-08-18T13:50:51.362279+00:00,317,status,,a
2026-08-18T13:50:51.362279+00:00,317,news,,
2026-08-18T13:50:51.362279+00:00,317,ep_next,,1.4
2026-08-18T13:50:51.362279+00:00,318,now_cost,,55
2026-08-18T13:50:51.362279+00:00,318,status,,a
2026-08-18T13:50:51.362279+00:00,318,news,,
2026-08-18T13:50:51.362279+00:00,318,ep_next,,2.0
2026-08-18T13:50:51.362279+00:00,319,now_cost,,50
2026-08-18T13:50:51.362279+00:00,319,status,,u
2026-08-18T13:50:51.362279+00:00,319,news,,Has joined Derby County on loan for the rest of the season
2026-08-18T13:50:51.362279+00:00,319,news_added,,2026-08-17T13:51:41.713979Z
2026-08-18T13:50:51.362279+00:00,319,chance_of_playing_next_round,,0
2026-08-18T13:50:51.362279+00:00,319,ep_next,,0.0
2026-08-18T13:50:51.362279+00:00,320,now_cost,,50
2026-08-18T13:50:51.362279+00:00,320,status,,a
2026-08-18T13:50:51.362279+00:00,320,news,,
2026-08-18T13:50:51.362279+00:00,320,ep_next,,1.4
2026-08-18T13:50:51.362279+00:00,321,now_cost,,45
2026-08-18T13:50:51.362279+00:00,321,status,,a
2026-08-18T13:50:51.362279+00:00,321,news,,
2026-08-18T13:50:51.362279+00:00,321,ep_next,,1.0
2026-08-18T13:50:51.362279+00:00,322,now_cost,,50
2026-08-18T13:50:51.362279+00:00,322,status,,a
2026-08-18T13:50:51.362279+00:00,322,news,,
2026-08-18T13:50:51.362279+00:00,322,ep_next,,1.4
2026-08-18T13:50:51.362279+00:00,323,now_cost,,45
2026-08-18T13:50:51.362279+00:00,323,status,,a
2026-08-18T13:50:51.362279+00:00,323,news,,
2026-08-18T13:50:51.362279+00:00,323,ep_next,,1.0
2026-08-18T13:50:51.362279+00:00,324,now_cost,,50
2026-08-18T13:50:51.362279+00:00,324,status,,a
2026-08-18T13:50:51.362279+00:00,324,news,,
2026-08-18T13:50:51.362279+00:00,324,ep_next,,1.5
2026-08-18T13:50:51.362279+00:00,554,now_cost,,45
2026-08-18T13:50:51.362279+00:00,554,status,,a
2026-08-18T13:50:51.362279+00:00,554,news,,
2026-08-18T13:50:51.362279+00:00,554,ep_next,,1.9
2026-08-18T13:50:51.362279+00:00,562,now_cost,,55
2026-08-18T13:50:51.362279+00:00,562,status,,a
2026-08-18T13:50:51.362279+00:00,562,news,,
2026-08-18T13:50:51.362279+00:00,562,ep_next,,2.0
2026-08-18T13:50:51.362279+00:00,564,now_cost,,45
2026-08-18T13:50:51.362279+00:00,564,status,,a
2026-08-18T13:50:51.362279+00:00,564,news,,
2026-08-18T13:50:51.362279+00:00,564,ep_next,,1.9
2026-08-18T13:50:51.362279+00:00,571,now_cost,,50
2026-08-18T13:50:51.362279+00:00,571,status,,a
2026-08-18T13:50:51.362279+00:00,571,news,,
2026-08-18T13:50:51.362279+00:00,571,ep_next,,1.5
2026-08-18T13:50:51.362279+00:00,260,now_cost,,65
2026-08-18T13:50:51.362279+00:00,260,status,,a
2026-08-18T13:50:51.362279+00:00,260,news,,
2026-08-18T13:50:51.362279+00:00,260,ep_next,,2.3
2026-08-18T13:50:51.362279+00:00,326,now_cost,,45
2026-08-18T13:50:51.362279+00:00,326,status,,a
2026-08-18T13:50:51.362279+00:00,326,news,,
2026-08-18T13:50:51.362279+00:00,326,ep_next,,1.9
2026-08-18T13:50:51.362279+00:00,327,now_cost,,50
2026-08-18T13:50:51.362279+00:00,327,status,,a
2026-08-18T13:50:51.362279+00:00,327,news,,
2026-08-18T13:50:51.362279+00:00,327,ep_next,,2.2
2026-08-18T13:50:51.362279+00:00,329,now_cost,,45
2026-08-18T13:50:51.362279+00:00,329,status,,a
2026-08-18T13:50:51.362279+00:00,329,news,,
2026-08-18T13:50:51.362279+00:00,329,ep_next,,1.7
2026-08-18T13:50:51.362279+00:00,330,now_cost,,45
2026-08-18T13:50:51.362279+00:00,330,status,,a
2026-08-18T13:50:51.362279+00:00,330,news,,
2026-08-18T13:50:51.362279+00:00,330,ep_next,,1.7
2026-08-18T13:50:51.362279+00:00,331,now_cost,,45
2026-08-18T13:50:51.362279+00:00,331,status,,i
2026-08-18T13:50:51.362279+00:00,331,news,,Hamstring injury - Expected back 30 Aug
2026-08-18T13:50:51.362279+00:00,331,news_added,,2026-08-08T20:00:07.546568Z
2026-08-18T13:50:51.362279+00:00,331,chance_of_playing_next_round,,0
2026-08-18T13:50:51.362279+00:00,331,ep_next,,0.0
2026-08-18T13:50:51.362279+00:00,332,now_cost,,45
2026-08-18T13:50:51.362279+00:00,332,status,,a
2026-08-18T13:50:51.362279+00:00,332,news,,
2026-08-18T13:50:51.362279+00:00,332,ep_next,,1.7
2026-08-18T13:50:51.362279+00:00,333,now_cost,,45
2026-08-18T13:50:51.362279+00:00,333,status,,a
2026-08-18T13:50:51.362279+00:00,333,news,,
2026-08-18T13:50:51.362279+00:00,333,ep_next,,1.7
2026-08-18T13:50:51.362279+00:00,334,now_cost,,50
2026-08-18T13:50:51.362279+00:00,334,status,,a
2026-08-18T13:50:51.362279+00:00,334,news,,
2026-08-18T13:50:51.362279+00:00,334,ep_next,,2.2
2026-08-18T13:50:51.362279+00:00,335,now_cost,,60
2026-08-18T13:50:51.362279+00:00,335,status,,a
2026-08-18T13:50:51.362279+00:00,335,news,,
2026-08-18T13:50:51.362279+00:00,335,ep_next,,2.1
2026-08-18T13:50:51.362279+00:00,336,now_cost,,60
2026-08-18T13:50:51.362279+00:00,336,status,,a
2026-08-18T13:50:51.362279+00:00,336,news,,
2026-08-18T13:50:51.362279+00:00,336,ep_next,,2.1
2026-08-18T13:50:51.362279+00:00,337,now_cost,,55
2026-08-18T13:50:51.362279+00:00,337,status,,a
2026-08-18T13:50:51.362279+00:00,337,news,,
2026-08-18T13:50:51.362279+00:00,337,ep_next,,2.0
2026-08-18T13:50:51.362279+00:00,338,now_cost,,55
2026-08-18T13:50:51.362279+00:00,338,status,,a
2026-08-18T13:50:51.362279+00:00,338,news,,
2026-08-18T13:50:51.362279+00:00,338,ep_next,,2.0
2026-08-18T13:50:51.362279+00:00,339,now_cost,,50
2026-08-18T13:50:51.362279+00:00,339,status,,a
2026-08-18T13:50:51.362279+00:00,339,news,,
2026-08-18T13:50:51.362279+00:00,339,ep_next,,1.5
2026-08-18T13:50:51.362279+00:00,341,now_cost,,50
2026-08-18T13:50:51.362279+00:00,341,status,,d
2026-08-18T13:50:51.362279+00:00,341,news,,Hamstring injury - 25% chance of playing
2026-08-18T13:50:51.362279+00:00,341,news_added,,2026-08-17T20:30:08.092366Z
2026-08-18T13:50:51.362279+00:00,341,chance_of_playing_next_round,,25
2026-08-18T13:50:51.362279+00:00,341,ep_next,,0.4
2026-08-18T13:50:51.362279+00:00,342,now_cost,,50
2026-08-18T13:50:51.362279+00:00,342,status,,u
2026-08-18T13:50:51.362279+00:00,342,news,,Has joined New England Revolution permanently
2026-08-18T13:50:51.362279+00:00,342,news_added,,2026-07-28T12:59:09.492431Z
2026-08-18T13:50:51.362279+00:00,342,chance_of_playing_next_round,,0
2026-08-18T13:50:51.362279+00:00,342,ep_next,,0.0
2026-08-18T13:50:51.362279+00:00,343,now_cost,,50
2026-08-18T13:50:51.362279+00:00,343,status,,a
2026-08-18T13:50:51.362279+00:00,343,news,,
2026-08-18T13:50:51.362279+00:00,343,ep_next,,1.5
2026-08-18T13:50:51.362279+00:00,344,now_cost,,50
2026-08-18T13:50:51.362279+00:00,344,status,,i
2026-08-18T13:50:51.362279+00:00,344,news,,Knee injury - Unknown return date
2026-08-18T13:50:51.362279+00:00,344,news_added,,2026-08-14T23:00:06.272027Z
2026-08-18T13:50:51.362279+00:00,344,chance_of_playing_next_round,,0
2026-08-18T13:50:51.362279+00:00,344,ep_next,,0.0
2026-08-18T13:50:51.362279+00:00,345,now_cost,,50
2026-08-18T13:50:51.362279+00:00,345,status,,a
2026-08-18T13:50:51.362279+00:00,345,news,,
2026-08-18T13:50:51.362279+00:00,345,ep_next,,1.5
2026-08-18T13:50:51.362279+00:00,346,now_cost,,60
2026-08-18T13:50:51.362279+00:00,346,status,,a
2026-08-18T13:50:51.362279+00:00,346,news,,
2026-08-18T13:50:51.362279+00:00,346,ep_next,,2.0
2026-08-18T13:50:51.362279+00:00,347,now_cost,,55
2026-08-18T13:50:51.362279+00:00,347,status,,a
2026-08-18T13:50:51.362279+00:00,347,news,,
2026-08-18T13:50:51.362279+00:00,347,ep_next,,1.8
2026-08-18T13:50:51.362279+00:00,348,now_cost,,50
2026-08-18T13:50:51.362279+00:00,348,status,,a
2026-08-18T13:50:51.362279+00:00,348,news,,
2026-08-18T13:50:51.362279+00:00,348,ep_next,,1.4
2026-08-18T13:50:51.362279+00:00,349,now_cost,,45
2026-08-18T13:50:51.362279+00:00,349,status,,i
2026-08-18T13:50:51.362279+00:00,349,news,,Knee injury - Unknown return date
2026-08-18T13:50:51.362279+00:00,349,news_added,,2026-07-29T18:00:10.338170Z
2026-08-18T13:50:51.362279+00:00,349,chance_of_playing_next_round,,0
2026-08-18T13:50:51.362279+00:00,349,ep_next,,0.0
2026-08-18T13:50:51.362279+00:00,385,now_cost,,50
2026-08-18T13:50:51.362279+00:00,385,status,,a
2026-08-18T13:50:51.362279+00:00,385,news,,
2026-08-18T13:50:51.362279+00:00,385,ep_next,,2.6
2026-08-18T13:50:51.362279+00:00,350,now_cost,,55
2026-08-18T13:50:51.362279+00:00,350,status,,a
2026-08-18T13:50:51.362279+00:00,350,news,,
2026-08-18T13:50:51.362279+00:00,350,ep_next,,3.3
2026-08-18T13:50:51.362279+00:00,351,now_cost,,50
2026-08-18T13:50:51.362279+00:00,351,status,,a
2026-08-18T13:50:51.362279+00:00,351,news,,
2026-08-18T13:50:51.362279+00:00,351,ep_next,,2.6
2026-08-18T13:50:51.362279+00:00,352,now_cost,,40
2026-08-18T13:50:51.362279+00:00,352,status,,a
2026-08-18T13:50:51.362279+00:00,352,news,,
2026-08-18T13:50:51.362279+00:00,352,ep_next,,1.0
2026-08-18T13:50:51.362279+00:00,353,now_cost,,40
2026-08-18T13:50:51.362279+00:00,353,status,,a
2026-08-18T13:50:51.362279+00:00,353,news,,
2026-08-18T13:50:51.362279+00:00,353,ep_next,,1.0
2026-08-18T13:50:51.362279+00:00,354,now_cost,,40
2026-08-18T13:50:51.362279+00:00,354,status,,i
2026-08-18T13:50:51.362279+00:00,354,news,,Knee injury - Unknown return date
2026-08-18T13:50:51.362279+00:00,354,news_added,,2026-07-29T18:00:10.351066Z
2026-08-18T13:50:51.362279+00:00,354,chance_of_playing_next_round,,0
2026-08-18T13:50:51.362279+00:00,354,ep_next,,0.0
2026-08-18T13:50:51.362279+00:00,355,now_cost,,40
2026-08-18T13:50:51.362279+00:00,355,status,,a
2026-08-18T13:50:51.362279+00:00,355,news,,
2026-08-18T13:50:51.362279+00:00,355,ep_next,,1.0
2026-08-18T13:50:51.362279+00:00,356,now_cost,,65
2026-08-18T13:50:51.362279+00:00,356,status,,a
2026-08-18T13:50:51.362279+00:00,356,news,,
2026-08-18T13:50:51.362279+00:00,356,ep_next,,3.1
2026-08-18T13:50:51.362279+00:00,357,now_cost,,55
2026-08-18T13:50:51.362279+00:00,357,status,,a
2026-08-18T13:50:51.362279+00:00,357,news,,
2026-08-18T13:50:51.362279+00:00,357,ep_next,,2.5
2026-08-18T13:50:51.362279+00:00,358,now_cost,,55
2026-08-18T13:50:51.362279+00:00,358,status,,a
2026-08-18T13:50:51.362279+00:00,358,news,,
2026-08-18T13:50:51.362279+00:00,358,ep_next,,2.5
2026-08-18T13:50:51.362279+00:00,359,now_cost,,50
2026-08-18T13:50:51.362279+00:00,359,status,,i
2026-08-18T13:50:51.362279+00:00,359,news,,Muscular injury - Unknown return date
2026-08-18T13:50:51.362279+00:00,359,news_added,,2026-07-26T08:30:10.078473Z
2026-08-18T13:50:51.362279+00:00,359,chance_of_playing_next_round,,0
2026-08-18T13:50:51.362279+00:00,359,ep_next,,0.0
2026-08-18T13:50:51.362279+00:00,360,now_cost,,50
2026-08-18T13:50:51.362279+00:00,360,status,,i
2026-08-18T13:50:51.362279+00:00,360,news,,Knee injury - Unknown return date
2026-08-18T13:50:51.362279+00:00,360,news_added,,2026-07-23T12:01:23.565711Z
2026-08-18T13:50:51.362279+00:00,360,chance_of_playing_next_round,,0
2026-08-18T13:50:51.362279+00:00,360,ep_next,,0.0
2026-08-18T13:50:51.362279+00:00,361,now_cost,,40
2026-08-18T13:50:51.362279+00:00,361,status,,a
2026-08-18T13:50:51.362279+00:00,361,news,,
2026-08-18T13:50:51.362279+00:00,361,ep_next,,1.0
2026-08-18T13:50:51.362279+00:00,362,now_cost,,50
2026-08-18T13:50:51.362279+00:00,362,status,,a
2026-08-18T13:50:51.362279+00:00,362,news,,
2026-08-18T13:50:51.362279+00:00,362,news_added,,2026-07-23T12:01:23.581126Z
2026-08-18T13:50:51.362279+00:00,362,chance_of_playing_next_round,,100
2026-08-18T13:50:51.362279+00:00,362,ep_next,,2.2
2026-08-18T13:50:51.362279+00:00,363,now_cost,,40
2026-08-18T13:50:51.362279+00:00,363,status,,i
2026-08-18T13:50:51.362279+00:00,363,news,,Knee injury - Unknown return date
2026-08-18T13:50:51.362279+00:00,363,news_added,,2026-07-23T12:01:23.596909Z
2026-08-18T13:50:51.362279+00:00,363,chance_of_playing_next_round,,0
2026-08-18T13:50:51.362279+00:00,363,ep_next,,0.0
2026-08-18T13:50:51.362279+00:00,364,now_cost,,50
2026-08-18T13:50:51.362279+00:00,364,status,,a
2026-08-18T13:50:51.362279+00:00,364,news,,
2026-08-18T13:50:51.362279+00:00,364,ep_next,,2.2
2026-08-18T13:50:51.362279+00:00,365,now_cost,,40
2026-08-18T13:50:51.362279+00:00,365,status,,a
2026-08-18T13:50:51.362279+00:00,365,news,,
2026-08-18T13:50:51.362279+00:00,365,ep_next,,1.0
2026-08-18T13:50:51.362279+00:00,366,now_cost,,75
2026-08-18T13:50:51.362279+00:00,366,status,,a
2026-08-18T13:50:51.362279+00:00,366,news,,
2026-08-18T13:50:51.362279+00:00,366,ep_next,,2.6
2026-08-18T13:50:51.362279+00:00,367,now_cost,,70
2026-08-18T13:50:51.362279+00:00,367,status,,a
2026-08-18T13:50:51.362279+00:00,367,news,,
2026-08-18T13:50:51.362279+00:00,367,ep_next,,2.5
2026-08-18T13:50:51.362279+00:00,368,now_cost,,70
2026-08-18T13:50:51.362279+00:00,368,status,,a
2026-08-18T13:50:51.362279+00:00,368,news,,
2026-08-18T13:50:51.362279+00:00,368,ep_next,,2.5
2026-08-18T13:50:51.362279+00:00,369,now_cost,,60
2026-08-18T13:50:51.362279+00:00,369,status,,a
2026-08-18T13:50:51.362279+00:00,369,news,,
2026-08-18T13:50:51.362279+00:00,369,ep_next,,2.1
2026-08-18T13:50:51.362279+00:00,370,now_cost,,55
2026-08-18T13:50:51.362279+00:00,370,status,,a
2026-08-18T13:50:51.362279+00:00,370,news,,
2026-08-18T13:50:51.362279+00:00,370,ep_next,,2.0
2026-08-18T13:50:51.362279+00:00,371,now_cost,,60
2026-08-18T13:50:51.362279+00:00,371,status,,a
2026-08-18T13:50:51.362279+00:00,371,news,,
2026-08-18T13:50:51.362279+00:00,371,ep_next,,2.1
2026-08-18T13:50:51.362279+00:00,372,now_cost,,55
2026-08-18T13:50:51.362279+00:00,372,status,,a
2026-08-18T13:50:51.362279+00:00,372,news,,
2026-08-18T13:50:51.362279+00:00,372,ep_next,,2.0
2026-08-18T13:50:51.362279+00:00,373,now_cost,,55
2026-08-18T13:50:51.362279+00:00,373,status,,d
2026-08-18T13:50:51.362279+00:00,373,news,,Hip injury - 75% chance of playing
2026-08-18T13:50:51.362279+00:00,373,news_added,,2026-08-16T18:30:07.426408Z
2026-08-18T13:50:51.362279+00:00,373,chance_of_playing_next_round,,75
2026-08-18T13:50:51.362279+00:00,373,ep_next,,1.5
2026-08-18T13:50:51.362279+00:00,374,now_cost,,50
2026-08-18T13:50:51.362279+00:00,374,status,,a
2026-08-18T13:50:51.362279+00:00,374,news,,
2026-08-18T13:50:51.362279+00:00,374,news_added,,2026-07-23T12:01:23.612529Z
2026-08-18T13:50:51.362279+00:00,374,chance_of_playing_next_round,,100
2026-08-18T13:50:51.362279+00:00,374,ep_next,,1.5
2026-08-18T13:50:51.362279+00:00,375,now_cost,,50
2026-08-18T13:50:51.362279+00:00,375,status,,a
2026-08-18T13:50:51.362279+00:00,375,news,,
2026-08-18T13:50:51.362279+00:00,375,ep_next,,1.5
2026-08-18T13:50:51.362279+00:00,376,now_cost,,50
2026-08-18T13:50:51.362279+00:00,376,status,,i
2026-08-18T13:50:51.362279+00:00,376,news,,Hamstring injury - Expected back 23 Aug
2026-08-18T13:50:51.362279+00:00,376,news_added,,2026-07-23T12:01:23.628373Z
2026-08-18T13:50:51.362279+00:00,376,chance_of_playing_next_round,,0
2026-08-18T13:50:51.362279+00:00,376,ep_next,,0.0
2026-08-18T13:50:51.362279+00:00,377,now_cost,,65
2026-08-18T13:50:51.362279+00:00,377,status,,a
2026-08-18T13:50:51.362279+00:00,377,news,,
2026-08-18T13:50:51.362279+00:00,377,ep_next,,2.3
2026-08-18T13:50:51.362279+00:00,378,now_cost,,45
2026-08-18T13:50:51.362279+00:00,378,status,,a
2026-08-18T13:50:51.362279+00:00,378,news,,
2026-08-18T13:50:51.362279+00:00,378,ep_next,,1.0
2026-08-18T13:50:51.362279+00:00,379,now_cost,,90
2026-08-18T13:50:51.362279+00:00,379,status,,a
2026-08-18T13:50:51.362279+00:00,379,news,,
2026-08-18T13:50:51.362279+00:00,379,ep_next,,2.7
2026-08-18T13:50:51.362279+00:00,380,now_cost,,75
2026-08-18T13:50:51.362279+00:00,380,status,,i
2026-08-18T13:50:51.362279+00:00,380,news,,Achilles injury - Unknown return date
2026-08-18T13:50:51.362279+00:00,380,news_added,,2026-07-23T12:01:23.643771Z
2026-08-18T13:50:51.362279+00:00,380,chance_of_playing_next_round,,0
2026-08-18T13:50:51.362279+00:00,380,ep_next,,0.0
2026-08-18T13:50:51.362279+00:00,381,now_cost,,50
2026-08-18T13:50:51.362279+00:00,381,status,,a
2026-08-18T13:50:51.362279+00:00,381,news,,
2026-08-18T13:50:51.362279+00:00,381,ep_next,,1.5
2026-08-18T13:50:51.362279+00:00,382,now_cost,,45
2026-08-18T13:50:51.362279+00:00,382,status,,i
2026-08-18T13:50:51.362279+00:00,382,news,,Unspecified injury - Unknown return date
2026-08-18T13:50:51.362279+00:00,382,news_added,,2026-07-23T12:01:23.659279Z
2026-08-18T13:50:51.362279+00:00,382,chance_of_playing_next_round,,0
2026-08-18T13:50:51.362279+00:00,382,ep_next,,0.0
2026-08-18T13:50:51.362279+00:00,383,now_cost,,55
2026-08-18T13:50:51.362279+00:00,383,status,,a
2026-08-18T13:50:51.362279+00:00,383,news,,
2026-08-18T13:50:51.362279+00:00,383,ep_next,,2.0
2026-08-18T13:50:51.362279+00:00,579,now_cost,,55
2026-08-18T13:50:51.362279+00:00,579,status,,a
2026-08-18T13:50:51.362279+00:00,579,news,,
2026-08-18T13:50:51.362279+00:00,579,ep_next,,2.5
2026-08-18T13:50:51.362279+00:00,238,now_cost,,65
2026-08-18T13:50:51.362279+00:00,238,status,,a
2026-08-18T13:50:51.362279+00:00,238,news,,
2026-08-18T13:50:51.362279+00:00,238,news_added,,2026-07-29T10:00:10.492904Z
2026-08-18T13:50:51.362279+00:00,238,chance_of_playing_next_round,,100
2026-08-18T13:50:51.362279+00:00,238,ep_next,,2.3
2026-08-18T13:50:51.362279+00:00,384,now_cost,,55
2026-08-18T13:50:51.362279+00:00,384,status,,a
2026-08-18T13:50:51.362279+00:00,384,news,,
2026-08-18T13:50:51.362279+00:00,384,ep_next,,3.3
2026-08-18T13:50:51.362279+00:00,386,now_cost,,45
2026-08-18T13:50:51.362279+00:00,386,status,,a
2026-08-18T13:50:51.362279+00:00,386,news,,
2026-08-18T13:50:51.362279+00:00,386,ep_next,,1.9
2026-08-18T13:50:51.362279+00:00,387,now_cost,,65
2026-08-18T13:50:51.362279+00:00,387,status,,a
2026-08-18T13:50:51.362279+00:00,387,news,,
2026-08-18T13:50:51.362279+00:00,387,ep_next,,3.1
2026-08-18T13:50:51.362279+00:00,388,now_cost,,60
2026-08-18T13:50:51.362279+00:00,388,status,,a
2026-08-18T13:50:51.362279+00:00,388,news,,
2026-08-18T13:50:51.362279+00:00,388,ep_next,,2.8
2026-08-18T13:50:51.362279+00:00,389,now_cost,,60
2026-08-18T13:50:51.362279+00:00,389,status,,d
2026-08-18T13:50:51.362279+00:00,389,news,,Knock - 75% chance of playing
2026-08-18T13:50:51.362279+00:00,389,news_added,,2026-08-16T18:30:07.457097Z
2026-08-18T13:50:51.362279+00:00,389,chance_of_playing_next_round,,75
2026-08-18T13:50:51.362279+00:00,389,ep_next,,2.1
2026-08-18T13:50:51.362279+00:00,390,now_cost,,55
2026-08-18T13:50:51.362279+00:00,390,status,,a
2026-08-18T13:50:51.362279+00:00,390,news,,
2026-08-18T13:50:51.362279+00:00,390,ep_next,,2.5
2026-08-18T13:50:51.362279+00:00,391,now_cost,,55
2026-08-18T13:50:51.362279+00:00,391,status,,a
2026-08-18T13:50:51.362279+00:00,391,news,,
2026-08-18T13:50:51.362279+00:00,391,ep_next,,2.5
2026-08-18T13:50:51.362279+00:00,392,now_cost,,55
2026-08-18T13:50:51.362279+00:00,392,status,,a
2026-08-18T13:50:51.362279+00:00,392,news,,
2026-08-18T13:50:51.362279+00:00,392,ep_next,,2.5
2026-08-18T13:50:51.362279+00:00,393,now_cost,,55
2026-08-18T13:50:51.362279+00:00,393,status,,a
2026-08-18T13:50:51.362279+00:00,393,news,,
2026-08-18T13:50:51.362279+00:00,393,ep_next,,2.5
2026-08-18T13:50:51.362279+00:00,394,now_cost,,50
2026-08-18T13:50:51.362279+00:00,394,status,,a
2026-08-18T13:50:51.362279+00:00,394,news,,
2026-08-18T13:50:51.362279+00:00,394,ep_next,,2.2
2026-08-18T13:50:51.362279+00:00,395,now_cost,,45
2026-08-18T13:50:51.362279+00:00,395,status,,a
2026-08-18T13:50:51.362279+00:00,395,news,,
2026-08-18T13:50:51.362279+00:00,395,ep_next,,1.7
2026-08-18T13:50:51.362279+00:00,396,now_cost,,45
2026-08-18T13:50:51.362279+00:00,396,status,,a
2026-08-18T13:50:51.362279+00:00,396,news,,
2026-08-18T13:50:51.362279+00:00,396,ep_next,,1.7
2026-08-18T13:50:51.362279+00:00,397,now_cost,,85
2026-08-18T13:50:51.362279+00:00,397,status,,a
2026-08-18T13:50:51.362279+00:00,397,news,,
2026-08-18T13:50:51.362279+00:00,397,ep_next,,2.9
2026-08-18T13:50:51.362279+00:00,398,now_cost,,70
2026-08-18T13:50:51.362279+00:00,398,status,,a
2026-08-18T13:50:51.362279+00:00,398,news,,
2026-08-18T13:50:51.362279+00:00,398,ep_next,,2.5
2026-08-18T13:50:51.362279+00:00,399,now_cost,,75
2026-08-18T13:50:51.362279+00:00,399,status,,a
2026-08-18T13:50:51.362279+00:00,399,news,,
2026-08-18T13:50:51.362279+00:00,399,ep_next,,2.6
2026-08-18T13:50:51.362279+00:00,400,now_cost,,75
2026-08-18T13:50:51.362279+00:00,400,status,,a
2026-08-18T13:50:51.362279+00:00,400,news,,
2026-08-18T13:50:51.362279+00:00,400,ep_next,,2.6
2026-08-18T13:50:51.362279+00:00,401,now_cost,,70
2026-08-18T13:50:51.362279+00:00,401,status,,a
2026-08-18T13:50:51.362279+00:00,401,news,,
2026-08-18T13:50:51.362279+00:00,401,ep_next,,2.2
2026-08-18T13:50:51.362279+00:00,402,now_cost,,65
2026-08-18T13:50:51.362279+00:00,402,status,,i
2026-08-18T13:50:51.362279+00:00,402,news,,Back injury - Unknown return date
2026-08-18T13:50:51.362279+00:00,402,news_added,,2026-07-23T12:01:23.675537Z
2026-08-18T13:50:51.362279+00:00,402,chance_of_playing_next_round,,0
2026-08-18T13:50:51.362279+00:00,402,ep_next,,0.0
2026-08-18T13:50:51.362279+00:00,403,now_cost,,65
2026-08-18T13:50:51.362279+00:00,403,status,,a
2026-08-18T13:50:51.362279+00:00,403,news,,
2026-08-18T13:50:51.362279+00:00,403,ep_next,,2.3
2026-08-18T13:50:51.362279+00:00,404,now_cost,,60
2026-08-18T13:50:51.362279+00:00,404,status,,a
2026-08-18T13:50:51.362279+00:00,404,news,,
2026-08-18T13:50:51.362279+00:00,404,ep_next,,2.1
2026-08-18T13:50:51.362279+00:00,405,now_cost,,55
2026-08-18T13:50:51.362279+00:00,405,status,,a
2026-08-18T13:50:51.362279+00:00,405,news,,
2026-08-18T13:50:51.362279+00:00,405,ep_next,,2.0
2026-08-18T13:50:51.362279+00:00,406,now_cost,,55
2026-08-18T13:50:51.362279+00:00,406,status,,a
2026-08-18T13:50:51.362279+00:00,406,news,,
2026-08-18T13:50:51.362279+00:00,406,ep_next,,2.0
2026-08-18T13:50:51.362279+00:00,407,now_cost,,50
2026-08-18T13:50:51.362279+00:00,407,status,,a
2026-08-18T13:50:51.362279+00:00,407,news,,
2026-08-18T13:50:51.362279+00:00,407,ep_next,,1.5
2026-08-18T13:50:51.362279+00:00,408,now_cost,,50
2026-08-18T13:50:51.362279+00:00,408,status,,a
2026-08-18T13:50:51.362279+00:00,408,news,,
2026-08-18T13:50:51.362279+00:00,408,ep_next,,1.5
2026-08-18T13:50:51.362279+00:00,409,now_cost,,45
2026-08-18T13:50:51.362279+00:00,409,status,,a
2026-08-18T13:50:51.362279+00:00,409,news,,
2026-08-18T13:50:51.362279+00:00,409,ep_next,,1.0
2026-08-18T13:50:51.362279+00:00,410,now_cost,,50
2026-08-18T13:50:51.362279+00:00,410,status,,a
2026-08-18T13:50:51.362279+00:00,410,news,,
2026-08-18T13:50:51.362279+00:00,410,ep_next,,1.5
2026-08-18T13:50:51.362279+00:00,411,now_cost,,155
2026-08-18T13:50:51.362279+00:00,411,status,,a
2026-08-18T13:50:51.362279+00:00,411,news,,
2026-08-18T13:50:51.362279+00:00,411,ep_next,,4.0
2026-08-18T13:50:51.362279+00:00,481,now_cost,,65
2026-08-18T13:50:51.362279+00:00,481,status,,a
2026-08-18T13:50:51.362279+00:00,481,news,,
2026-08-18T13:50:51.362279+00:00,481,ep_next,,2.3
2026-08-18T13:50:51.362279+00:00,587,now_cost,,50
2026-08-18T13:50:51.362279+00:00,587,status,,a
2026-08-18T13:50:51.362279+00:00,587,news,,
2026-08-18T13:50:51.362279+00:00,587,ep_next,,2.6
2026-08-18T13:50:51.362279+00:00,43,now_cost,,60
2026-08-18T13:50:51.362279+00:00,43,status,,a
2026-08-18T13:50:51.362279+00:00,43,news,,
2026-08-18T13:50:51.362279+00:00,43,news_added,,2026-07-23T12:01:23.321726Z
2026-08-18T13:50:51.362279+00:00,43,chance_of_playing_next_round,,100
2026-08-18T13:50:51.362279+00:00,43,ep_next,,2.1
2026-08-18T13:50:51.362279+00:00,162,now_cost,,50
2026-08-18T13:50:51.362279+00:00,162,status,,a
2026-08-18T13:50:51.362279+00:00,162,news,,
2026-08-18T13:50:51.362279+00:00,162,ep_next,,1.5
2026-08-18T13:50:51.362279+00:00,325,now_cost,,45
2026-08-18T13:50:51.362279+00:00,325,status,,d
2026-08-18T13:50:51.362279+00:00,325,news,,Unspecified injury - 75% chance of playing
2026-08-18T13:50:51.362279+00:00,325,news_added,,2026-07-23T12:01:23.549136Z
2026-08-18T13:50:51.362279+00:00,325,chance_of_playing_next_round,,75
2026-08-18T13:50:51.362279+00:00,325,ep_next,,1.4
2026-08-18T13:50:51.362279+00:00,412,now_cost,,50
2026-08-18T13:50:51.362279+00:00,412,status,,a
2026-08-18T13:50:51.362279+00:00,412,news,,
2026-08-18T13:50:51.362279+00:00,412,ep_next,,2.6
2026-08-18T13:50:51.362279+00:00,413,now_cost,,45
2026-08-18T13:50:51.362279+00:00,413,status,,u
2026-08-18T13:50:51.362279+00:00,413,news,,Has joined Celta Vigo on loan for the rest of the season
2026-08-18T13:50:51.362279+00:00,413,news_added,,2026-08-10T14:02:28.608415Z
2026-08-18T13:50:51.362279+00:00,413,chance_of_playing_next_round,,0
2026-08-18T13:50:51.362279+00:00,413,ep_next,,0.0
2026-08-18T13:50:51.362279+00:00,414,now_cost,,40
2026-08-18T13:50:51.362279+00:00,414,status,,i
2026-08-18T13:50:51.362279+00:00,414,news,,Hamstring injury - Unknown return date
2026-08-18T13:50:51.362279+00:00,414,news_added,,2026-08-15T16:00:07.854151Z
2026-08-18T13:50:51.362279+00:00,414,chance_of_playing_next_round,,0
2026-08-18T13:50:51.362279+00:00,414,ep_next,,0.0
2026-08-18T13:50:51.362279+00:00,415,now_cost,,60
2026-08-18T13:50:51.362279+00:00,415,status,,a
2026-08-18T13:50:51.362279+00:00,415,news,,
2026-08-18T13:50:51.362279+00:00,415,ep_next,,2.1
2026-08-18T13:50:51.362279+00:00,416,now_cost,,50
2026-08-18T13:50:51.362279+00:00,416,status,,i
2026-08-18T13:50:51.362279+00:00,416,news,,Back injury - Unknown return date
2026-08-18T13:50:51.362279+00:00,416,news_added,,2026-07-23T12:01:23.690880Z
2026-08-18T13:50:51.362279+00:00,416,chance_of_playing_next_round,,0
2026-08-18T13:50:51.362279+00:00,416,ep_next,,0.0
2026-08-18T13:50:51.362279+00:00,417,now_cost,,50
2026-08-18T13:50:51.362279+00:00,417,status,,a
2026-08-18T13:50:51.362279+00:00,417,news,,
2026-08-18T13:50:51.362279+00:00,417,ep_next,,2.2
2026-08-18T13:50:51.362279+00:00,418,now_cost,,50
2026-08-18T13:50:51.362279+00:00,418,status,,a
2026-08-18T13:50:51.362279+00:00,418,news,,
2026-08-18T13:50:51.362279+00:00,418,ep_next,,2.2
2026-08-18T13:50:51.362279+00:00,419,now_cost,,50
2026-08-18T13:50:51.362279+00:00,419,status,,a
2026-08-18T13:50:51.362279+00:00,419,news,,
2026-08-18T13:50:51.362279+00:00,419,news_added,,2026-07-24T20:00:10.337107Z
2026-08-18T13:50:51.362279+00:00,419,chance_of_playing_next_round,,100
2026-08-18T13:50:51.362279+00:00,419,ep_next,,2.2
2026-08-18T13:50:51.362279+00:00,420,now_cost,,50
2026-08-18T13:50:51.362279+00:00,420,status,,a
2026-08-18T13:50:51.362279+00:00,420,news,,
2026-08-18T13:50:51.362279+00:00,420,ep_next,,2.2
2026-08-18T13:50:51.362279+00:00,421,now_cost,,45
2026-08-18T13:50:51.362279+00:00,421,status,,a
2026-08-18T13:50:51.362279+00:00,421,news,,
2026-08-18T13:50:51.362279+00:00,421,ep_next,,1.7
2026-08-18T13:50:51.362279+00:00,422,now_cost,,45
2026-08-18T13:50:51.362279+00:00,422,status,,a
2026-08-18T13:50:51.362279+00:00,422,news,,
2026-08-18T13:50:51.362279+00:00,422,ep_next,,1.7
2026-08-18T13:50:51.362279+00:00,423,now_cost,,45
2026-08-18T13:50:51.362279+00:00,423,status,,a
2026-08-18T13:50:51.362279+00:00,423,news,,
2026-08-18T13:50:51.362279+00:00,423,ep_next,,1.7
2026-08-18T13:50:51.362279+00:00,424,now_cost,,40
2026-08-18T13:50:51.362279+00:00,424,status,,a
2026-08-18T13:50:51.362279+00:00,424,news,,
2026-08-18T13:50:51.362279+00:00,424,ep_next,,1.0
2026-08-18T13:50:51.362279+00:00,425,now_cost,,40
2026-08-18T13:50:51.362279+00:00,425,status,,a
2026-08-18T13:50:51.362279+00:00,425,news,,
2026-08-18T13:50:51.362279+00:00,425,ep_next,,1.0
2026-08-18T13:50:51.362279+00:00,426,now_cost,,120
2026-08-18T13:50:51.362279+00:00,426,status,,a
2026-08-18T13:50:51.362279+00:00,426,news,,
2026-08-18T13:50:51.362279+00:00,426,ep_next,,4.0
2026-08-18T13:50:51.362279+00:00,427,now_cost,,80
2026-08-18T13:50:51.362279+00:00,427,status,,a
2026-08-18T13:50:51.362279+00:00,427,news,,
2026-08-18T13:50:51.362279+00:00,427,ep_next,,2.8
2026-08-18T13:50:51.362279+00:00,428,now_cost,,80
2026-08-18T13:50:51.362279+00:00,428,status,,a
2026-08-18T13:50:51.362279+00:00,428,news,,
2026-08-18T13:50:51.362279+00:00,428,ep_next,,2.8
2026-08-18T13:50:51.362279+00:00,429,now_cost,,70
2026-08-18T13:50:51.362279+00:00,429,status,,a
2026-08-18T13:50:51.362279+00:00,429,news,,
2026-08-18T13:50:51.362279+00:00,429,ep_next,,2.5
2026-08-18T13:50:51.362279+00:00,430,now_cost,,55
2026-08-18T13:50:51.362279+00:00,430,status,,d
2026-08-18T13:50:51.362279+00:00,430,news,,Foot injury - 50% chance of playing
2026-08-18T13:50:51.362279+00:00,430,news_added,,2026-08-15T16:00:07.879135Z
2026-08-18T13:50:51.362279+00:00,430,chance_of_playing_next_round,,50
2026-08-18T13:50:51.362279+00:00,430,ep_next,,1.0
2026-08-18T13:50:51.362279+00:00,431,now_cost,,60
2026-08-18T13:50:51.362279+00:00,431,status,,a
2026-08-18T13:50:51.362279+00:00,431,news,,
2026-08-18T13:50:51.362279+00:00,431,ep_next,,2.1
2026-08-18T13:50:51.362279+00:00,432,now_cost,,55
2026-08-18T13:50:51.362279+00:00,432,status,,a
2026-08-18T13:50:51.362279+00:00,432,news,,
2026-08-18T13:50:51.362279+00:00,432,ep_next,,2.0
2026-08-18T13:50:51.362279+00:00,433,now_cost,,50
2026-08-18T13:50:51.362279+00:00,433,status,,i
2026-08-18T13:50:51.362279+00:00,433,news,,Knee injury - Unknown return date
2026-08-18T13:50:51.362279+00:00,433,news_added,,2026-07-23T12:01:23.706702Z
2026-08-18T13:50:51.362279+00:00,433,chance_of_playing_next_round,,0
2026-08-18T13:50:51.362279+00:00,433,ep_next,,0.0
2026-08-18T13:50:51.362279+00:00,434,now_cost,,50
2026-08-18T13:50:51.362279+00:00,434,status,,a
2026-08-18T13:50:51.362279+00:00,434,news,,
2026-08-18T13:50:51.362279+00:00,434,ep_next,,1.5
2026-08-18T13:50:51.362279+00:00,435,now_cost,,50
2026-08-18T13:50:51.362279+00:00,435,status,,a
2026-08-18T13:50:51.362279+00:00,435,news,,
2026-08-18T13:50:51.362279+00:00,435,ep_next,,1.5
2026-08-18T13:50:51.362279+00:00,436,now_cost,,50
2026-08-18T13:50:51.362279+00:00,436,status,,a
2026-08-18T13:50:51.362279+00:00,436,news,,
2026-08-18T13:50:51.362279+00:00,436,ep_next,,1.5
2026-08-18T13:50:51.362279+00:00,437,now_cost,,45
2026-08-18T13:50:51.362279+00:00,437,status,,a
2026-08-18T13:50:51.362279+00:00,437,news,,
2026-08-18T13:50:51.362279+00:00,437,ep_next,,1.0
2026-08-18T13:50:51.362279+00:00,438,now_cost,,45
2026-08-18T13:50:51.362279+00:00,438,status,,a
2026-08-18T13:50:51.362279+00:00,438,news,,
2026-08-18T13:50:51.362279+00:00,438,ep_next,,1.0
2026-08-18T13:50:51.362279+00:00,439,now_cost,,70
2026-08-18T13:50:51.362279+00:00,439,status,,d
2026-08-18T13:50:51.362279+00:00,439,news,,Shin injury - 75% chance of playing
2026-08-18T13:50:51.362279+00:00,439,news_added,,2026-07-23T12:01:23.722029Z
2026-08-18T13:50:51.362279+00:00,439,chance_of_playing_next_round,,75
2026-08-18T13:50:51.362279+00:00,439,ep_next,,1.7
2026-08-18T13:50:51.362279+00:00,440,now_cost,,55
2026-08-18T13:50:51.362279+00:00,440,status,,a
2026-08-18T13:50:51.362279+00:00,440,news,,
2026-08-18T13:50:51.362279+00:00,440,ep_next,,1.8
2026-08-18T13:50:51.362279+00:00,441,now_cost,,45
2026-08-18T13:50:51.362279+00:00,441,status,,a
2026-08-18T13:50:51.362279+00:00,441,news,,
2026-08-18T13:50:51.362279+00:00,441,ep_next,,1.0
2026-08-18T13:50:51.362279+00:00,442,now_cost,,50
2026-08-18T13:50:51.362279+00:00,442,status,,a
2026-08-18T13:50:51.362279+00:00,442,news,,
2026-08-18T13:50:51.362279+00:00,442,ep_next,,2.6
2026-08-18T13:50:51.362279+00:00,443,now_cost,,45
2026-08-18T13:50:51.362279+00:00,443,status,,a
2026-08-18T13:50:51.362279+00:00,443,news,,
2026-08-18T13:50:51.362279+00:00,443,ep_next,,1.9
2026-08-18T13:50:51.362279+00:00,444,now_cost,,45
2026-08-18T13:50:51.362279+00:00,444,status,,a
2026-08-18T13:50:51.362279+00:00,444,news,,
2026-08-18T13:50:51.362279+00:00,444,ep_next,,1.9
2026-08-18T13:50:51.362279+00:00,445,now_cost,,50
2026-08-18T13:50:51.362279+00:00,445,status,,a
2026-08-18T13:50:51.362279+00:00,445,news,,
2026-08-18T13:50:51.362279+00:00,445,ep_next,,2.2
2026-08-18T13:50:51.362279+00:00,446,now_cost,,50
2026-08-18T13:50:51.362279+00:00,446,status,,a
2026-08-18T13:50:51.362279+00:00,446,news,,
2026-08-18T13:50:51.362279+00:00,446,news_added,,2026-08-15T16:30:07.209742Z
2026-08-18T13:50:51.362279+00:00,446,chance_of_playing_next_round,,100
2026-08-18T13:50:51.362279+00:00,446,ep_next,,2.2
2026-08-18T13:50:51.362279+00:00,447,now_cost,,50
2026-08-18T13:50:51.362279+00:00,447,status,,a
2026-08-18T13:50:51.362279+00:00,447,news,,
2026-08-18T13:50:51.362279+00:00,447,ep_next,,2.2
2026-08-18T13:50:51.362279+00:00,448,now_cost,,50
2026-08-18T13:50:51.362279+00:00,448,status,,a
2026-08-18T13:50:51.362279+00:00,448,news,,
2026-08-18T13:50:51.362279+00:00,448,ep_next,,2.2
2026-08-18T13:50:51.362279+00:00,449,now_cost,,50
2026-08-18T13:50:51.362279+00:00,449,status,,a
2026-08-18T13:50:51.362279+00:00,449,news,,
2026-08-18T13:50:51.362279+00:00,449,ep_next,,2.2
2026-08-18T13:50:51.362279+00:00,450,now_cost,,50
2026-08-18T13:50:51.362279+00:00,450,status,,d
2026-08-18T13:50:51.362279+00:00,450,news,,Calf injury - 75% chance of playing
2026-08-18T13:50:51.362279+00:00,450,news_added,,2026-07-23T12:01:23.753221Z
2026-08-18T13:50:51.362279+00:00,450,chance_of_playing_next_round,,75
2026-08-18T13:50:51.362279+00:00,450,ep_next,,1.6
2026-08-18T13:50:51.362279+00:00,451,now_cost,,40
2026-08-18T13:50:51.362279+00:00,451,status,,u
2026-08-18T13:50:51.362279+00:00,451,news,,Has joined FC Kaiserslautern on loan for the rest of the season
2026-08-18T13:50:51.362279+00:00,451,news_added,,2026-08-12T14:05:29.224600Z
2026-08-18T13:50:51.362279+00:00,451,chance_of_playing_next_round,,0
2026-08-18T13:50:51.362279+00:00,451,ep_next,,0.0
2026-08-18T13:50:51.362279+00:00,453,now_cost,,60
2026-08-18T13:50:51.362279+00:00,453,status,,a
2026-08-18T13:50:51.362279+00:00,453,news,,
2026-08-18T13:50:51.362279+00:00,453,ep_next,,2.1
2026-08-18T13:50:51.362279+00:00,454,now_cost,,60
2026-08-18T13:50:51.362279+00:00,454,status,,a
2026-08-18T13:50:51.362279+00:00,454,news,,
2026-08-18T13:50:51.362279+00:00,454,ep_next,,2.1
2026-08-18T13:50:51.362279+00:00,456,now_cost,,50
2026-08-18T13:50:51.362279+00:00,456,status,,a
2026-08-18T13:50:51.362279+00:00,456,news,,
2026-08-18T13:50:51.362279+00:00,456,ep_next,,1.5
2026-08-18T13:50:51.362279+00:00,457,now_cost,,60
2026-08-18T13:50:51.362279+00:00,457,status,,a
2026-08-18T13:50:51.362279+00:00,457,news,,
2026-08-18T13:50:51.362279+00:00,457,ep_next,,2.1
2026-08-18T13:50:51.362279+00:00,458,now_cost,,55
2026-08-18T13:50:51.362279+00:00,458,status,,i
2026-08-18T13:50:51.362279+00:00,458,news,,Unspecified injury - Unknown return date
2026-08-18T13:50:51.362279+00:00,458,news_added,,2026-08-16T08:00:08.074045Z
2026-08-18T13:50:51.362279+00:00,458,chance_of_playing_next_round,,0
2026-08-18T13:50:51.362279+00:00,458,ep_next,,0.0
2026-08-18T13:50:51.362279+00:00,459,now_cost,,55
2026-08-18T13:50:51.362279+00:00,459,status,,a
2026-08-18T13:50:51.362279+00:00,459,news,,
2026-08-18T13:50:51.362279+00:00,459,news_added,,2026-07-23T12:01:23.785456Z
2026-08-18T13:50:51.362279+00:00,459,chance_of_playing_next_round,,100
2026-08-18T13:50:51.362279+00:00,459,ep_next,,2.0
2026-08-18T13:50:51.362279+00:00,460,now_cost,,50
2026-08-18T13:50:51.362279+00:00,460,status,,a
2026-08-18T13:50:51.362279+00:00,460,news,,
2026-08-18T13:50:51.362279+00:00,460,ep_next,,1.5
2026-08-18T13:50:51.362279+00:00,461,now_cost,,60
2026-08-18T13:50:51.362279+00:00,461,status,,a
2026-08-18T13:50:51.362279+00:00,461,news,,
2026-08-18T13:50:51.362279+00:00,461,ep_next,,2.1
2026-08-18T13:50:51.362279+00:00,462,now_cost,,50
2026-08-18T13:50:51.362279+00:00,462,status,,a
2026-08-18T13:50:51.362279+00:00,462,news,,
2026-08-18T13:50:51.362279+00:00,462,ep_next,,1.5
2026-08-18T13:50:51.362279+00:00,463,now_cost,,60
2026-08-18T13:50:51.362279+00:00,463,status,,a
2026-08-18T13:50:51.362279+00:00,463,news,,
2026-08-18T13:50:51.362279+00:00,463,ep_next,,2.0
2026-08-18T13:50:51.362279+00:00,464,now_cost,,60
2026-08-18T13:50:51.362279+00:00,464,status,,a
2026-08-18T13:50:51.362279+00:00,464,news,,
2026-08-18T13:50:51.362279+00:00,464,ep_next,,2.0
2026-08-18T13:50:51.362279+00:00,465,now_cost,,60
2026-08-18T13:50:51.362279+00:00,465,status,,a
2026-08-18T13:50:51.362279+00:00,465,news,,
2026-08-18T13:50:51.362279+00:00,465,ep_next,,2.0
2026-08-18T13:50:51.362279+00:00,466,now_cost,,45
2026-08-18T13:50:51.362279+00:00,466,status,,a
2026-08-18T13:50:51.362279+00:00,466,news,,
2026-08-18T13:50:51.362279+00:00,466,ep_next,,1.0
2026-08-18T13:50:51.362279+00:00,559,now_cost,,50
2026-08-18T13:50:51.362279+00:00,559,status,,a
2026-08-18T13:50:51.362279+00:00,559,news,,
2026-08-18T13:50:51.362279+00:00,559,ep_next,,1.5
2026-08-18T13:50:51.362279+00:00,567,now_cost,,50
2026-08-18T13:50:51.362279+00:00,567,status,,a
2026-08-18T13:50:51.362279+00:00,567,news,,
2026-08-18T13:50:51.362279+00:00,567,ep_next,,2.6
2026-08-18T13:50:51.362279+00:00,467,now_cost,,50
2026-08-18T13:50:51.362279+00:00,467,status,,a
2026-08-18T13:50:51.362279+00:00,467,news,,
2026-08-18T13:50:51.362279+00:00,467,ep_next,,2.6
2026-08-18T13:50:51.362279+00:00,468,now_cost,,45
2026-08-18T13:50:51.362279+00:00,468,status,,a
2026-08-18T13:50:51.362279+00:00,468,news,,
2026-08-18T13:50:51.362279+00:00,468,ep_next,,1.9
2026-08-18T13:50:51.362279+00:00,469,now_cost,,50
2026-08-18T13:50:51.362279+00:00,469,status,,a
2026-08-18T13:50:51.362279+00:00,469,news,,
2026-08-18T13:50:51.362279+00:00,469,ep_next,,2.2
2026-08-18T13:50:51.362279+00:00,470,now_cost,,50
2026-08-18T13:50:51.362279+00:00,470,status,,a
2026-08-18T13:50:51.362279+00:00,470,news,,
2026-08-18T13:50:51.362279+00:00,470,ep_next,,2.2
2026-08-18T13:50:51.362279+00:00,471,now_cost,,55
2026-08-18T13:50:51.362279+00:00,471,status,,a
2026-08-18T13:50:51.362279+00:00,471,news,,
2026-08-18T13:50:51.362279+00:00,471,ep_next,,2.5
2026-08-18T13:50:51.362279+00:00,472,now_cost,,55
2026-08-18T13:50:51.362279+00:00,472,status,,a
2026-08-18T13:50:51.362279+00:00,472,news,,
2026-08-18T13:50:51.362279+00:00,472,news_added,,2026-07-23T12:01:23.801183Z
2026-08-18T13:50:51.362279+00:00,472,chance_of_playing_next_round,,100
2026-08-18T13:50:51.362279+00:00,472,ep_next,,2.5
2026-08-18T13:50:51.362279+00:00,473,now_cost,,45
2026-08-18T13:50:51.362279+00:00,473,status,,a
2026-08-18T13:50:51.362279+00:00,473,news,,
2026-08-18T13:50:51.362279+00:00,473,ep_next,,1.7
2026-08-18T13:50:51.362279+00:00,474,now_cost,,45
2026-08-18T13:50:51.362279+00:00,474,status,,a
2026-08-18T13:50:51.362279+00:00,474,news,,
2026-08-18T13:50:51.362279+00:00,474,ep_next,,1.7
2026-08-18T13:50:51.362279+00:00,475,now_cost,,45
2026-08-18T13:50:51.362279+00:00,475,status,,i
2026-08-18T13:50:51.362279+00:00,475,news,,Knee injury - Unknown return date
2026-08-18T13:50:51.362279+00:00,475,news_added,,2026-07-23T12:01:23.816304Z
2026-08-18T13:50:51.362279+00:00,475,chance_of_playing_next_round,,0
2026-08-18T13:50:51.362279+00:00,475,ep_next,,0.0
2026-08-18T13:50:51.362279+00:00,476,now_cost,,40
2026-08-18T13:50:51.362279+00:00,476,status,,a
2026-08-18T13:50:51.362279+00:00,476,news,,
2026-08-18T13:50:51.362279+00:00,476,ep_next,,1.0
2026-08-18T13:50:51.362279+00:00,477,now_cost,,40
2026-08-18T13:50:51.362279+00:00,477,status,,a
2026-08-18T13:50:51.362279+00:00,477,news,,
2026-08-18T13:50:51.362279+00:00,477,ep_next,,1.0
2026-08-18T13:50:51.362279+00:00,478,now_cost,,45
2026-08-18T13:50:51.362279+00:00,478,status,,a
2026-08-18T13:50:51.362279+00:00,478,news,,
2026-08-18T13:50:51.362279+00:00,478,ep_next,,1.7
2026-08-18T13:50:51.362279+00:00,479,now_cost,,40
2026-08-18T13:50:51.362279+00:00,479,status,,a
2026-08-18T13:50:51.362279+00:00,479,news,,
2026-08-18T13:50:51.362279+00:00,479,ep_next,,1.0
2026-08-18T13:50:51.362279+00:00,480,now_cost,,80
2026-08-18T13:50:51.362279+00:00,480,status,,a
2026-08-18T13:50:51.362279+00:00,480,news,,
2026-08-18T13:50:51.362279+00:00,480,ep_next,,2.8
2026-08-18T13:50:51.362279+00:00,482,now_cost,,60
2026-08-18T13:50:51.362279+00:00,482,status,,a
2026-08-18T13:50:51.362279+00:00,482,news,,
2026-08-18T13:50:51.362279+00:00,482,news_added,,2026-07-23T12:01:23.832709Z
2026-08-18T13:50:51.362279+00:00,482,chance_of_playing_next_round,,100
2026-08-18T13:50:51.362279+00:00,482,ep_next,,2.1
2026-08-18T13:50:51.362279+00:00,483,now_cost,,55
2026-08-18T13:50:51.362279+00:00,483,status,,a
2026-08-18T13:50:51.362279+00:00,483,news,,
2026-08-18T13:50:51.362279+00:00,483,ep_next,,2.0
2026-08-18T13:50:51.362279+00:00,484,now_cost,,55
2026-08-18T13:50:51.362279+00:00,484,status,,a
2026-08-18T13:50:51.362279+00:00,484,news,,
2026-08-18T13:50:51.362279+00:00,484,ep_next,,2.0
2026-08-18T13:50:51.362279+00:00,485,now_cost,,55
2026-08-18T13:50:51.362279+00:00,485,status,,a
2026-08-18T13:50:51.362279+00:00,485,news,,
2026-08-18T13:50:51.362279+00:00,485,ep_next,,2.0
2026-08-18T13:50:51.362279+00:00,486,now_cost,,55
2026-08-18T13:50:51.362279+00:00,486,status,,a
2026-08-18T13:50:51.362279+00:00,486,news,,
2026-08-18T13:50:51.362279+00:00,486,ep_next,,2.0
2026-08-18T13:50:51.362279+00:00,487,now_cost,,50
2026-08-18T13:50:51.362279+00:00,487,status,,a
2026-08-18T13:50:51.362279+00:00,487,news,,
2026-08-18T13:50:51.362279+00:00,487,ep_next,,1.5
2026-08-18T13:50:51.362279+00:00,488,now_cost,,50
2026-08-18T13:50:51.362279+00:00,488,status,,a
2026-08-18T13:50:51.362279+00:00,488,news,,
2026-08-18T13:50:51.362279+00:00,488,ep_next,,1.5
2026-08-18T13:50:51.362279+00:00,489,now_cost,,45
2026-08-18T13:50:51.362279+00:00,489,status,,d
2026-08-18T13:50:51.362279+00:00,489,news,,Unspecified injury - 75% chance of playing
2026-08-18T13:50:51.362279+00:00,489,news_added,,2026-08-17T20:30:08.195072Z
2026-08-18T13:50:51.362279+00:00,489,chance_of_playing_next_round,,75
2026-08-18T13:50:51.362279+00:00,489,ep_next,,0.8
2026-08-18T13:50:51.362279+00:00,490,now_cost,,60
2026-08-18T13:50:51.362279+00:00,490,status,,a
2026-08-18T13:50:51.362279+00:00,490,news,,
2026-08-18T13:50:51.362279+00:00,490,ep_next,,2.0
2026-08-18T13:50:51.362279+00:00,491,now_cost,,60
2026-08-18T13:50:51.362279+00:00,491,status,,a
2026-08-18T13:50:51.362279+00:00,491,news,,
2026-08-18T13:50:51.362279+00:00,491,ep_next,,2.0
2026-08-18T13:50:51.362279+00:00,492,now_cost,,55
2026-08-18T13:50:51.362279+00:00,492,status,,a
2026-08-18T13:50:51.362279+00:00,492,news,,
2026-08-18T13:50:51.362279+00:00,492,ep_next,,1.8
2026-08-18T13:50:51.362279+00:00,493,now_cost,,55
2026-08-18T13:50:51.362279+00:00,493,status,,a
2026-08-18T13:50:51.362279+00:00,493,news,,
2026-08-18T13:50:51.362279+00:00,493,ep_next,,1.8
2026-08-18T13:50:51.362279+00:00,558,now_cost,,50
2026-08-18T13:50:51.362279+00:00,558,status,,a
2026-08-18T13:50:51.362279+00:00,558,news,,
2026-08-18T13:50:51.362279+00:00,558,ep_next,,1.5
2026-08-18T13:50:51.362279+00:00,581,now_cost,,55
2026-08-18T13:50:51.362279+00:00,581,status,,a
2026-08-18T13:50:51.362279+00:00,581,news,,
2026-08-18T13:50:51.362279+00:00,581,ep_next,,2.5
2026-08-18T13:50:51.362279+00:00,590,now_cost,,45
2026-08-18T13:50:51.362279+00:00,590,status,,a
2026-08-18T13:50:51.362279+00:00,590,news,,
2026-08-18T13:50:51.362279+00:00,590,ep_next,,1.9
2026-08-18T13:50:51.362279+00:00,112,now_cost,,50
2026-08-18T13:50:51.362279+00:00,112,status,,a
2026-08-18T13:50:51.362279+00:00,112,news,,
2026-08-18T13:50:51.362279+00:00,112,ep_next,,2.2
2026-08-18T13:50:51.362279+00:00,455,now_cost,,55
2026-08-18T13:50:51.362279+00:00,455,status,,a
2026-08-18T13:50:51.362279+00:00,455,news,,
2026-08-18T13:50:51.362279+00:00,455,ep_next,,2.0
2026-08-18T13:50:51.362279+00:00,494,now_cost,,45
2026-08-18T13:50:51.362279+00:00,494,status,,a
2026-08-18T13:50:51.362279+00:00,494,news,,
2026-08-18T13:50:51.362279+00:00,494,ep_next,,1.9
2026-08-18T13:50:51.362279+00:00,495,now_cost,,40
2026-08-18T13:50:51.362279+00:00,495,status,,a
2026-08-18T13:50:51.362279+00:00,495,news,,
2026-08-18T13:50:51.362279+00:00,495,ep_next,,1.0
2026-08-18T13:50:51.362279+00:00,496,now_cost,,45
2026-08-18T13:50:51.362279+00:00,496,status,,a
2026-08-18T13:50:51.362279+00:00,496,news,,
2026-08-18T13:50:51.362279+00:00,496,ep_next,,1.9
2026-08-18T13:50:51.362279+00:00,497,now_cost,,40
2026-08-18T13:50:51.362279+00:00,497,status,,a
2026-08-18T13:50:51.362279+00:00,497,news,,
2026-08-18T13:50:51.362279+00:00,497,ep_next,,1.0
2026-08-18T13:50:51.362279+00:00,498,now_cost,,60
2026-08-18T13:50:51.362279+00:00,498,status,,a
2026-08-18T13:50:51.362279+00:00,498,news,,
2026-08-18T13:50:51.362279+00:00,498,ep_next,,2.8
2026-08-18T13:50:51.362279+00:00,499,now_cost,,55
2026-08-18T13:50:51.362279+00:00,499,status,,a
2026-08-18T13:50:51.362279+00:00,499,news,,
2026-08-18T13:50:51.362279+00:00,499,ep_next,,2.5
2026-08-18T13:50:51.362279+00:00,500,now_cost,,50
2026-08-18T13:50:51.362279+00:00,500,status,,u
2026-08-18T13:50:51.362279+00:00,500,news,,Has joined Atletico Madrid permanently
2026-08-18T13:50:51.362279+00:00,500,news_added,,2026-08-17T13:49:05.465401Z
2026-08-18T13:50:51.362279+00:00,500,chance_of_playing_next_round,,0
2026-08-18T13:50:51.362279+00:00,500,ep_next,,0.0
2026-08-18T13:50:51.362279+00:00,501,now_cost,,50
2026-08-18T13:50:51.362279+00:00,501,status,,a
2026-08-18T13:50:51.362279+00:00,501,news,,
2026-08-18T13:50:51.362279+00:00,501,ep_next,,2.2
2026-08-18T13:50:51.362279+00:00,502,now_cost,,45
2026-08-18T13:50:51.362279+00:00,502,status,,a
2026-08-18T13:50:51.362279+00:00,502,news,,
2026-08-18T13:50:51.362279+00:00,502,ep_next,,1.7
2026-08-18T13:50:51.362279+00:00,503,now_cost,,50
2026-08-18T13:50:51.362279+00:00,503,status,,a
2026-08-18T13:50:51.362279+00:00,503,news,,
2026-08-18T13:50:51.362279+00:00,503,ep_next,,2.2
2026-08-18T13:50:51.362279+00:00,505,now_cost,,45
2026-08-18T13:50:51.362279+00:00,505,status,,a
2026-08-18T13:50:51.362279+00:00,505,news,,
2026-08-18T13:50:51.362279+00:00,505,ep_next,,1.7
2026-08-18T13:50:51.362279+00:00,506,now_cost,,45
2026-08-18T13:50:51.362279+00:00,506,status,,a
2026-08-18T13:50:51.362279+00:00,506,news,,
2026-08-18T13:50:51.362279+00:00,506,ep_next,,1.7
2026-08-18T13:50:51.362279+00:00,507,now_cost,,45
2026-08-18T13:50:51.362279+00:00,507,status,,a
2026-08-18T13:50:51.362279+00:00,507,news,,
2026-08-18T13:50:51.362279+00:00,507,ep_next,,1.7
2026-08-18T13:50:51.362279+00:00,508,now_cost,,40
2026-08-18T13:50:51.362279+00:00,508,status,,a
2026-08-18T13:50:51.362279+00:00,508,news,,
2026-08-18T13:50:51.362279+00:00,508,ep_next,,1.0
2026-08-18T13:50:51.362279+00:00,509,now_cost,,40
2026-08-18T13:50:51.362279+00:00,509,status,,a
2026-08-18T13:50:51.362279+00:00,509,news,,
2026-08-18T13:50:51.362279+00:00,509,ep_next,,1.0
2026-08-18T13:50:51.362279+00:00,510,now_cost,,40
2026-08-18T13:50:51.362279+00:00,510,status,,a
2026-08-18T13:50:51.362279+00:00,510,news,,
2026-08-18T13:50:51.362279+00:00,510,ep_next,,1.0
2026-08-18T13:50:51.362279+00:00,511,now_cost,,40
2026-08-18T13:50:51.362279+00:00,511,status,,a
2026-08-18T13:50:51.362279+00:00,511,news,,
2026-08-18T13:50:51.362279+00:00,511,ep_next,,1.0
2026-08-18T13:50:51.362279+00:00,512,now_cost,,65
2026-08-18T13:50:51.362279+00:00,512,status,,d
2026-08-18T13:50:51.362279+00:00,512,news,,Thigh injury - 75% chance of playing
2026-08-18T13:50:51.362279+00:00,512,news_added,,2026-07-23T12:01:23.848657Z
2026-08-18T13:50:51.362279+00:00,512,chance_of_playing_next_round,,75
2026-08-18T13:50:51.362279+00:00,512,ep_next,,1.7
2026-08-18T13:50:51.362279+00:00,513,now_cost,,60
2026-08-18T13:50:51.362279+00:00,513,status,,i
2026-08-18T13:50:51.362279+00:00,513,news,,Knee injury - Unknown return date
2026-08-18T13:50:51.362279+00:00,513,news_added,,2026-07-23T12:01:23.864304Z
2026-08-18T13:50:51.362279+00:00,513,chance_of_playing_next_round,,0
2026-08-18T13:50:51.362279+00:00,513,ep_next,,0.0
2026-08-18T13:50:51.362279+00:00,514,now_cost,,60
2026-08-18T13:50:51.362279+00:00,514,status,,a
2026-08-18T13:50:51.362279+00:00,514,news,,
2026-08-18T13:50:51.362279+00:00,514,ep_next,,2.1
2026-08-18T13:50:51.362279+00:00,515,now_cost,,65
2026-08-18T13:50:51.362279+00:00,515,status,,a
2026-08-18T13:50:51.362279+00:00,515,news,,
2026-08-18T13:50:51.362279+00:00,515,ep_next,,2.3
2026-08-18T13:50:51.362279+00:00,516,now_cost,,55
2026-08-18T13:50:51.362279+00:00,516,status,,a
2026-08-18T13:50:51.362279+00:00,516,news,,
2026-08-18T13:50:51.362279+00:00,516,ep_next,,2.0
2026-08-18T13:50:51.362279+00:00,517,now_cost,,55
2026-08-18T13:50:51.362279+00:00,517,status,,i
2026-08-18T13:50:51.362279+00:00,517,news,,Knee injury - Unknown return date
2026-08-18T13:50:51.362279+00:00,517,news_added,,2026-07-23T12:01:23.879434Z
2026-08-18T13:50:51.362279+00:00,517,chance_of_playing_next_round,,0
2026-08-18T13:50:51.362279+00:00,517,ep_next,,0.0
2026-08-18T13:50:51.362279+00:00,518,now_cost,,50
2026-08-18T13:50:51.362279+00:00,518,status,,a
2026-08-18T13:50:51.362279+00:00,518,news,,
2026-08-18T13:50:51.362279+00:00,518,ep_next,,1.5
2026-08-18T13:50:51.362279+00:00,519,now_cost,,55
2026-08-18T13:50:51.362279+00:00,519,status,,a
2026-08-18T13:50:51.362279+00:00,519,news,,
2026-08-18T13:50:51.362279+00:00,519,ep_next,,2.0
2026-08-18T13:50:51.362279+00:00,520,now_cost,,55
2026-08-18T13:50:51.362279+00:00,520,status,,a
2026-08-18T13:50:51.362279+00:00,520,news,,
2026-08-18T13:50:51.362279+00:00,520,ep_next,,2.0
2026-08-18T13:50:51.362279+00:00,521,now_cost,,65
2026-08-18T13:50:51.362279+00:00,521,status,,i
2026-08-18T13:50:51.362279+00:00,521,news,,Knee injury - Unknown return date
2026-08-18T13:50:51.362279+00:00,521,news_added,,2026-07-23T12:01:23.895175Z
2026-08-18T13:50:51.362279+00:00,521,chance_of_playing_next_round,,0
2026-08-18T13:50:51.362279+00:00,521,ep_next,,0.0
2026-08-18T13:50:51.362279+00:00,522,now_cost,,50
2026-08-18T13:50:51.362279+00:00,522,status,,a
2026-08-18T13:50:51.362279+00:00,522,news,,
2026-08-18T13:50:51.362279+00:00,522,ep_next,,1.5
2026-08-18T13:50:51.362279+00:00,523,now_cost,,50
2026-08-18T13:50:51.362279+00:00,523,status,,a
2026-08-18T13:50:51.362279+00:00,523,news,,
2026-08-18T13:50:51.362279+00:00,523,ep_next,,1.5
2026-08-18T13:50:51.362279+00:00,524,now_cost,,45
2026-08-18T13:50:51.362279+00:00,524,status,,a
2026-08-18T13:50:51.362279+00:00,524,news,,
2026-08-18T13:50:51.362279+00:00,524,ep_next,,1.0
2026-08-18T13:50:51.362279+00:00,525,now_cost,,60
2026-08-18T13:50:51.362279+00:00,525,status,,a
2026-08-18T13:50:51.362279+00:00,525,news,,
2026-08-18T13:50:51.362279+00:00,525,ep_next,,2.1
2026-08-18T13:50:51.362279+00:00,526,now_cost,,60
2026-08-18T13:50:51.362279+00:00,526,status,,a
2026-08-18T13:50:51.362279+00:00,526,news,,
2026-08-18T13:50:51.362279+00:00,526,ep_next,,2.0
2026-08-18T13:50:51.362279+00:00,527,now_cost,,60
2026-08-18T13:50:51.362279+00:00,527,status,,a
2026-08-18T13:50:51.362279+00:00,527,news,,
2026-08-18T13:50:51.362279+00:00,527,ep_next,,2.0
2026-08-18T13:50:51.362279+00:00,528,now_cost,,45
2026-08-18T13:50:51.362279+00:00,528,status,,a
2026-08-18T13:50:51.362279+00:00,528,news,,
2026-08-18T13:50:51.362279+00:00,528,ep_next,,1.0
2026-08-18T13:50:51.362279+00:00,529,now_cost,,50
2026-08-18T13:50:51.362279+00:00,529,status,,a
2026-08-18T13:50:51.362279+00:00,529,news,,
2026-08-18T13:50:51.362279+00:00,529,ep_next,,2.6
2026-08-18T13:50:51.362279+00:00,530,now_cost,,40
2026-08-18T13:50:51.362279+00:00,530,status,,u
2026-08-18T13:50:51.362279+00:00,530,news,,Has joined Wrexham permanently
2026-08-18T13:50:51.362279+00:00,530,news_added,,2026-08-12T14:08:03.064533Z
2026-08-18T13:50:51.362279+00:00,530,chance_of_playing_next_round,,0
2026-08-18T13:50:51.362279+00:00,530,ep_next,,0.0
2026-08-18T13:50:51.362279+00:00,531,now_cost,,45
2026-08-18T13:50:51.362279+00:00,531,status,,a
2026-08-18T13:50:51.362279+00:00,531,news,,
2026-08-18T13:50:51.362279+00:00,531,ep_next,,1.9
2026-08-18T13:50:51.362279+00:00,532,now_cost,,50
2026-08-18T13:50:51.362279+00:00,532,status,,a
2026-08-18T13:50:51.362279+00:00,532,news,,
2026-08-18T13:50:51.362279+00:00,532,ep_next,,2.2
2026-08-18T13:50:51.362279+00:00,533,now_cost,,55
2026-08-18T13:50:51.362279+00:00,533,status,,d
2026-08-18T13:50:51.362279+00:00,533,news,,Knock - 75% chance of playing
2026-08-18T13:50:51.362279+00:00,533,news_added,,2026-08-09T08:30:05.954750Z
2026-08-18T13:50:51.362279+00:00,533,chance_of_playing_next_round,,75
2026-08-18T13:50:51.362279+00:00,533,ep_next,,1.9
2026-08-18T13:50:51.362279+00:00,534,now_cost,,45
2026-08-18T13:50:51.362279+00:00,534,status,,a
2026-08-18T13:50:51.362279+00:00,534,news,,
2026-08-18T13:50:51.362279+00:00,534,ep_next,,1.7
2026-08-18T13:50:51.362279+00:00,535,now_cost,,50
2026-08-18T13:50:51.362279+00:00,535,status,,d
2026-08-18T13:50:51.362279+00:00,535,news,,Knock - 75% chance of playing
2026-08-18T13:50:51.362279+00:00,535,news_added,,2026-08-09T08:30:05.962393Z
2026-08-18T13:50:51.362279+00:00,535,chance_of_playing_next_round,,75
2026-08-18T13:50:51.362279+00:00,535,ep_next,,1.6
2026-08-18T13:50:51.362279+00:00,536,now_cost,,45
2026-08-18T13:50:51.362279+00:00,536,status,,a
2026-08-18T13:50:51.362279+00:00,536,news,,
2026-08-18T13:50:51.362279+00:00,536,ep_next,,1.7
2026-08-18T13:50:51.362279+00:00,537,now_cost,,45
2026-08-18T13:50:51.362279+00:00,537,status,,a
2026-08-18T13:50:51.362279+00:00,537,news,,
2026-08-18T13:50:51.362279+00:00,537,ep_next,,1.7
2026-08-18T13:50:51.362279+00:00,538,now_cost,,40
2026-08-18T13:50:51.362279+00:00,538,status,,u
2026-08-18T13:50:51.362279+00:00,538,news,,Has joined KV Mechelen on loan for the rest of the season
2026-08-18T13:50:51.362279+00:00,538,news_added,,2026-08-12T14:08:03.081789Z
2026-08-18T13:50:51.362279+00:00,538,chance_of_playing_next_round,,0
2026-08-18T13:50:51.362279+00:00,538,ep_next,,0.0
2026-08-18T13:50:51.362279+00:00,539,now_cost,,40
2026-08-18T13:50:51.362279+00:00,539,status,,a
2026-08-18T13:50:51.362279+00:00,539,news,,
2026-08-18T13:50:51.362279+00:00,539,ep_next,,1.0
2026-08-18T13:50:51.362279+00:00,540,now_cost,,40
2026-08-18T13:50:51.362279+00:00,540,status,,u
2026-08-18T13:50:51.362279+00:00,540,news,,Has joined Konyaspor permanently
2026-08-18T13:50:51.362279+00:00,540,news_added,,2026-08-12T14:08:03.097784Z
2026-08-18T13:50:51.362279+00:00,540,chance_of_playing_next_round,,0
2026-08-18T13:50:51.362279+00:00,540,ep_next,,0.0
2026-08-18T13:50:51.362279+00:00,541,now_cost,,45
2026-08-18T13:50:51.362279+00:00,541,status,,d
2026-08-18T13:50:51.362279+00:00,541,news,,Knock - 75% chance of playing
2026-08-18T13:50:51.362279+00:00,541,news_added,,2026-08-16T08:30:07.830062Z
2026-08-18T13:50:51.362279+00:00,541,chance_of_playing_next_round,,75
2026-08-18T13:50:51.362279+00:00,541,ep_next,,1.3
2026-08-18T13:50:51.362279+00:00,542,now_cost,,60
2026-08-18T13:50:51.362279+00:00,542,status,,a
2026-08-18T13:50:51.362279+00:00,542,news,,
2026-08-18T13:50:51.362279+00:00,542,ep_next,,2.1
2026-08-18T13:50:51.362279+00:00,543,now_cost,,55
2026-08-18T13:50:51.362279+00:00,543,status,,a
2026-08-18T13:50:51.362279+00:00,543,news,,
2026-08-18T13:50:51.362279+00:00,543,ep_next,,2.0
2026-08-18T13:50:51.362279+00:00,544,now_cost,,55
2026-08-18T13:50:51.362279+00:00,544,status,,a
2026-08-18T13:50:51.362279+00:00,544,news,,
2026-08-18T13:50:51.362279+00:00,544,ep_next,,2.0
2026-08-18T13:50:51.362279+00:00,545,now_cost,,50
2026-08-18T13:50:51.362279+00:00,545,status,,a
2026-08-18T13:50:51.362279+00:00,545,news,,
2026-08-18T13:50:51.362279+00:00,545,ep_next,,1.5
2026-08-18T13:50:51.362279+00:00,546,now_cost,,50
2026-08-18T13:50:51.362279+00:00,546,status,,a
2026-08-18T13:50:51.362279+00:00,546,news,,
2026-08-18T13:50:51.362279+00:00,546,ep_next,,1.5
2026-08-18T13:50:51.362279+00:00,547,now_cost,,50
2026-08-18T13:50:51.362279+00:00,547,status,,a
2026-08-18T13:50:51.362279+00:00,547,news,,
2026-08-18T13:50:51.362279+00:00,547,ep_next,,1.5
2026-08-18T13:50:51.362279+00:00,548,now_cost,,50
2026-08-18T13:50:51.362279+00:00,548,status,,a
2026-08-18T13:50:51.362279+00:00,548,news,,
2026-08-18T13:50:51.362279+00:00,548,ep_next,,1.5
2026-08-18T13:50:51.362279+00:00,549,now_cost,,55
2026-08-18T13:50:51.362279+00:00,549,status,,a
2026-08-18T13:50:51.362279+00:00,549,news,,
2026-08-18T13:50:51.362279+00:00,549,ep_next,,2.0
2026-08-18T13:50:51.362279+00:00,550,now_cost,,50
2026-08-18T13:50:51.362279+00:00,550,status,,a
2026-08-18T13:50:51.362279+00:00,550,news,,
2026-08-18T13:50:51.362279+00:00,550,ep_next,,1.5
2026-08-18T13:50:51.362279+00:00,551,now_cost,,50
2026-08-18T13:50:51.362279+00:00,551,status,,a
2026-08-18T13:50:51.362279+00:00,551,news,,
2026-08-18T13:50:51.362279+00:00,551,ep_next,,1.5
2026-08-18T13:50:51.362279+00:00,552,now_cost,,60
2026-08-18T13:50:51.362279+00:00,552,status,,a
2026-08-18T13:50:51.362279+00:00,552,news,,
2026-08-18T13:50:51.362279+00:00,552,ep_next,,2.0
2026-08-18T13:50:51.362279+00:00,553,now_cost,,55
2026-08-18T13:50:51.362279+00:00,553,status,,a
2026-08-18T13:50:51.362279+00:00,553,news,,
2026-08-18T13:50:51.362279+00:00,553,ep_next,,1.8
